ID,2021_Value,2020_Value,2019_Value
3_X_Absa,,,
6_X_Absa,,,
7_X_Absa,,,
8_X_Absa,,,
9_X_Absa,,,
10_X_Absa,,,
11_X_Absa,,,
12_X_Absa,,,
13_X_Absa,,,
14_X_Absa,,,
15_X_Absa,,,
16_X_Absa,,,
17_X_Absa,,,
18_X_Absa,,,
20_X_Absa,,,
21_X_Absa,,,
26_X_Absa,,,
27_X_Absa,,,
28_X_Absa,,,
29_X_Absa,,,
31_X_Absa,,,
35_X_Absa,,,
38_X_Absa,,,
41_X_Absa,,,
42_X_Absa,,,
43_X_Absa,,,
44_X_Absa,,,
46_X_Absa,4400000000.0,3500000000.0,2700000000.0
47_X_Absa,,,
48_X_Absa,,,
49_X_Absa,1.0,2.0,1.0
50_X_Absa,,,
51_X_Absa,,,
52_X_Absa,98.0,99.0,95.0
53_X_Absa,3.0,3.0,4.0
54_X_Absa,12.0,13.0,12.0
55_X_Absa,,,
62_X_Absa,,,
63_X_Absa,,,
64_X_Absa,,,
65_X_Absa,,,
66_X_Absa,,,
67_X_Absa,,,
70_X_Absa,,,
74_X_Absa,,,
77_X_Absa,,,
82_X_Absa,,,
83_X_Absa,,,
86_X_Absa,,,
90_X_Absa,,,
93_X_Absa,,,
95_X_Absa,,,
96_X_Absa,,,
97_X_Absa,,,
100_X_Absa,,,
101_X_Absa,,,
103_X_Absa,,,
104_X_Absa,,,
105_X_Absa,,,
109_X_Absa,26133000000.0,25407000000.0,26262000000.0
110_X_Absa,,,
111_X_Absa,,,
112_X_Absa,,,
113_X_Absa,,,
114_X_Absa,,,
115_X_Absa,,,
116_X_Absa,,,
118_X_Absa,,,
119_X_Absa,,,
120_X_Absa,,,
121_X_Absa,,,
122_X_Absa,0.0,0.0,0.0
123_X_Absa,,,
124_X_Absa,,,
125_X_Absa,,,
126_X_Absa,,,
128_X_Absa,12276.0,12258.0,20835.0
129_X_Absa,158756.0,160222.0,104716.0
130_X_Absa,16205.0,17481.0,27775.0
132_X_Absa,,,
133_X_Absa,5.02,4.81,5.79
134_X_Absa,,,
135_X_Absa,,,
136_X_Absa,,,
137_X_Absa,,,
138_X_Absa,,,
141_X_Absa,,,
142_X_Absa,,,
143_X_Absa,,,
144_X_Absa,,,
145_X_Absa,,,
146_X_Absa,,,
148_X_Absa,,,
150_X_Absa,,,
151_X_Absa,0.06,0.11,0.15
153_X_Absa,,,
154_X_Absa,,,
156_X_Absa,,,
157_X_Absa,,,
162_X_Absa,,,
163_X_Absa,30463.9382409177,29572.3041108985,64147.4268642445
164_X_Absa,,,
166_X_Absa,,,
169_X_Absa,,,
170_X_Absa,250.0,777.0,1415.0
172_X_Absa,,,
179_X_Absa,,,
183_X_Absa,,,
185_X_Absa,,,
187_X_Absa,,,
188_X_Absa,,,
189_X_Absa,,,
190_X_Absa,,,
191_X_Absa,,,
193_X_Absa,,,
194_X_Absa,,,
195_X_Absa,,,
196_X_Absa,,,
197_X_Absa,,,
198_X_Absa,,,
203_X_Absa,,,
212_X_Absa,,,
213_X_Absa,,,
214_X_Absa,,,
216_X_Absa,,,
219_X_Absa,0.0,0.0,0.0
220_X_Absa,6.0,5.0,4.0
222_X_Absa,,,
226_X_Absa,,,
228_X_Absa,,,
229_X_Absa,,,
232_X_Absa,,,
236_X_Absa,,,
243_X_Absa,,,
244_X_Absa,25.0,52.0,128.0
246_X_Absa,829.0,527.0,684.0
252_X_Absa,,,
259_X_Absa,,,
262_X_Absa,,,
265_X_Absa,,,
267_X_Absa,,,
268_X_Absa,,,
269_X_Absa,,,
273_X_Absa,,,
274_X_Absa,,,
275_X_Absa,,,
276_X_Absa,,,
277_X_Absa,,,
278_X_Absa,,,
279_X_Absa,,,
281_X_Absa,,,
282_X_Absa,,,
285_X_Absa,,,
286_X_Absa,,,
287_X_Absa,,,
288_X_Absa,,,
289_X_Absa,,,
290_X_Absa,,,
291_X_Absa,,,
293_X_Absa,,,
294_X_Absa,,,
295_X_Absa,38.1,53.8,56.0
298_X_Absa,,,
300_X_Absa,,,
302_X_Absa,,,
308_X_Absa,,,
311_X_Absa,86.2,94.7,93.7
314_X_Absa,,,
316_X_Absa,,,
317_X_Absa,,,
318_X_Absa,,,
319_X_Absa,,,
321_X_Absa,,,
323_X_Absa,,,
324_X_Absa,,,
325_X_Absa,,,
326_X_Absa,,,
331_X_Absa,,,
332_X_Absa,,,
333_X_Absa,,,
334_X_Absa,,,
338_X_Absa,,,
339_X_Absa,,,
341_X_Absa,,,
343_X_Absa,,,
347_X_Absa,,,
348_X_Absa,61.8,62.0,62.5
349_X_Absa,60.9,61.1,61.1
353_X_Absa,,,
356_X_Absa,,,
364_X_Absa,6500000000.0,4800000000.0,5700000000.0
366_X_Absa,,,
367_X_Absa,,,
368_X_Absa,,,
369_X_Absa,,,
376_X_Absa,,,
379_X_Absa,,,
380_X_Absa,,,
382_X_Absa,,,
385_X_Absa,,,
390_X_Absa,,,
393_X_Absa,,,
394_X_Absa,,,
397_X_Absa,,,
398_X_Absa,,,
399_X_Absa,,,
400_X_Absa,,,
404_X_Absa,,,
406_X_Absa,,,
407_X_Absa,,,
414_X_Absa,,,
418_X_Absa,,,
421_X_Absa,,,
430_X_Absa,,,
432_X_Absa,,,
433_X_Absa,,,
435_X_Absa,,,
439_X_Absa,,,
444_X_Absa,8463000000.0,1844000000.0,1468000000.0
445_X_Absa,,,
448_X_Absa,,,
449_X_Absa,,,
451_X_Absa,,,
452_X_Absa,,,
453_X_Absa,,,
458_X_Absa,,,
460_X_Absa,,,
461_X_Absa,,,
466_X_Absa,449000000.0,406200000.0,450500000.0
467_X_Absa,,,
468_X_Absa,812374.632,808535.97,1007415.7488
471_X_Absa,,,
473_X_Absa,,,
474_X_Absa,,,
475_X_Absa,,,
476_X_Absa,,,
477_X_Absa,,,
479_X_Absa,,,
480_X_Absa,,,
482_X_Absa,,,
483_X_Absa,,,
484_X_Absa,,,
488_X_Absa,,,
489_X_Absa,206.103,160.848,
490_X_Absa,30707.5428,24010.8516,19575.6696
491_X_Absa,,,
498_X_Absa,,,
499_X_Absa,,,
500_X_Absa,1900000.0,1300000.0,1000000.0
502_X_Absa,,,
504_X_Absa,,,
506_X_Absa,16300000000.0,17800000000.0,17700000000.0
508_X_Absa,180036.673,181696.723,197887.701
511_X_Absa,1148.0,864.0,
513_X_Absa,,,
517_X_Absa,,,
523_X_Absa,25908.0,27160.0,28296.0
525_X_Absa,,,
530_X_Absa,,,
532_X_Absa,,,
533_X_Absa,,,
539_X_Absa,,,
550_X_Absa,,,
554_X_Absa,1834.0,530.0,
555_X_Absa,,,
561_X_Absa,,,
564_X_Absa,,,
565_X_Absa,,,
566_X_Absa,,,
572_X_Absa,,,
573_X_Absa,,,
574_X_Absa,,,
575_X_Absa,18900000000.0,18800000000.0,18900000000.0
579_X_Absa,,,
582_X_Absa,,,
585_X_Absa,,,
586_X_Absa,,,
587_X_Absa,,,
590_X_Absa,,,
592_X_Absa,,,
595_X_Absa,,,
596_X_Absa,,,
597_X_Absa,,,
599_X_Absa,,,
601_X_Absa,,,
602_X_Absa,,,
605_X_Absa,,,
606_X_Absa,,,
607_X_Absa,,,
608_X_Absa,,,
609_X_Absa,,,
613_X_Absa,,,
615_X_Absa,,,
616_X_Absa,,,
617_X_Absa,,,
619_X_Absa,,,
620_X_Absa,,,
621_X_Absa,,,
622_X_Absa,,,
623_X_Absa,,,
627_X_Absa,,,
628_X_Absa,,,
629_X_Absa,,,
630_X_Absa,,,
631_X_Absa,,,
632_X_Absa,,,
638_X_Absa,,,
639_X_Absa,,,
640_X_Absa,,,
644_X_Absa,,,
650_X_Absa,,,
654_X_Absa,,,
678_X_Absa,,,
679_X_Absa,,,
684_X_Absa,,,
689_X_Absa,,,
698_X_Absa,,,
700_X_Absa,,,
703_X_Absa,,,
704_X_Absa,,,
713_X_Absa,,,
716_X_Absa,,,
732_X_Absa,8.7,7.0,11.9
733_X_Absa,709.0,1903.0,3063.0
734_X_Absa,459.0,1126.0,1645.0
735_X_Absa,,,
736_X_Absa,,,
737_X_Absa,,,
738_X_Absa,,,
742_X_Absa,,,
749_X_Absa,,,
750_X_Absa,15.0,16.0,16.0
751_X_Absa,55.33,56.42,39.24
753_X_Absa,,,
757_X_Absa,,,
758_X_Absa,,,
759_X_Absa,,,
760_X_Absa,,,
761_X_Absa,,,
762_X_Absa,,,
763_X_Absa,,,
764_X_Absa,60.2,40.17,41.55
765_X_Absa,,,
766_X_Absa,47.84,27.89,35.6
767_X_Absa,,,
768_X_Absa,,,
771_X_Absa,,,
772_X_Absa,,,
773_X_Absa,,,
774_X_Absa,,,
775_X_Absa,,,
776_X_Absa,,,
777_X_Absa,,,
778_X_Absa,,,
779_X_Absa,,,
781_X_Absa,,,
782_X_Absa,,,
783_X_Absa,,,
784_X_Absa,,,
785_X_Absa,,,
786_X_Absa,,,
788_X_Absa,,,
789_X_Absa,,,
790_X_Absa,,,
791_X_Absa,,,
792_X_Absa,,,
794_X_Absa,2.0,2.0,3.0
795_X_Absa,12.0,11.0,12.0
796_X_Absa,1.0,3.0,1.0
797_X_Absa,,,
798_X_Absa,,,
799_X_Absa,4.0,4.0,
800_X_Absa,,,
802_X_Absa,,,
803_X_Absa,,,
804_X_Absa,,,
805_X_Absa,,,
806_X_Absa,,,
807_X_Absa,,,
808_X_Absa,,,
809_X_Absa,,,
810_X_Absa,,,
813_X_Absa,,,
814_X_Absa,,,
815_X_Absa,,,
816_X_Absa,,,
817_X_Absa,,,
818_X_Absa,,,
819_X_Absa,,,
820_X_Absa,,,
821_X_Absa,,,
822_X_Absa,,,
823_X_Absa,,,
824_X_Absa,,,
825_X_Absa,,,
826_X_Absa,,,
827_X_Absa,,,
828_X_Absa,,,
829_X_Absa,,,
830_X_Absa,,,
831_X_Absa,,,
832_X_Absa,,,
833_X_Absa,,,
834_X_Absa,,,
835_X_Absa,,,
836_X_Absa,,,
837_X_Absa,,,
838_X_Absa,,,
839_X_Absa,,,
840_X_Absa,,,
841_X_Absa,,,
842_X_Absa,,,
843_X_Absa,,,
844_X_Absa,,,
845_X_Absa,,,
846_X_Absa,,,
847_X_Absa,,,
848_X_Absa,,,
849_X_Absa,,,
850_X_Absa,,,
851_X_Absa,,,
852_X_Absa,,92.0,96.5
853_X_Absa,,,
854_X_Absa,,,
855_X_Absa,,,
856_X_Absa,,,
857_X_Absa,,,
858_X_Absa,,,
859_X_Absa,,,
860_X_Absa,,,
861_X_Absa,,,
862_X_Absa,,,
863_X_Absa,,,
864_X_Absa,,,
865_X_Absa,,,
866_X_Absa,,,
867_X_Absa,,,
871_X_Absa,,,
874_X_Absa,,,
880_X_Absa,,,
882_X_Absa,,,
883_X_Absa,,,
886_X_Absa,,,
887_X_Absa,,,
888_X_Absa,,,
889_X_Absa,,,
891_X_Absa,,,
905_X_Absa,,,
913_X_Absa,,,
914_X_Absa,,,
915_X_Absa,,,
916_X_Absa,,,
917_X_Absa,,,
918_X_Absa,,,
919_X_Absa,,,
920_X_Absa,,,
921_X_Absa,,,
922_X_Absa,,,
923_X_Absa,,,
924_X_Absa,,,
925_X_Absa,,,
926_X_Absa,,,
927_X_Absa,,,
928_X_Absa,,,
929_X_Absa,,,
930_X_Absa,,,
931_X_Absa,,,
932_X_Absa,,,
933_X_Absa,,,
934_X_Absa,,,
935_X_Absa,,,
936_X_Absa,,,
937_X_Absa,,,
938_X_Absa,,,
939_X_Absa,,,
940_X_Absa,989.0,991.0,1012.0
941_X_Absa,,,
943_X_Absa,,,
944_X_Absa,,,
945_X_Absa,,,
946_X_Absa,,,
947_X_Absa,,,
948_X_Absa,,,
949_X_Absa,,,
953_X_Absa,,,
957_X_Absa,,,
962_X_Absa,187237.0,189961.0,153326.0
965_X_Absa,,,
993_X_Absa,,,
1035_X_Absa,,,
1036_X_Absa,,,
1037_X_Absa,,,
1038_X_Absa,,,
1039_X_Absa,,,
1040_X_Absa,,,
1041_X_Absa,,,
1042_X_Absa,,,
1043_X_Absa,,,
1044_X_Absa,,,
1045_X_Absa,,,
1046_X_Absa,,,
1047_X_Absa,,,
1048_X_Absa,,,
1049_X_Absa,,,
1050_X_Absa,,,
1051_X_Absa,,,
1052_X_Absa,,,
1053_X_Absa,,,
1054_X_Absa,,,
1055_X_Absa,,,
1070_X_Absa,,,
3_X_Clicks,,,
6_X_Clicks,,,
7_X_Clicks,,,
8_X_Clicks,,,
9_X_Clicks,,,
10_X_Clicks,,,
11_X_Clicks,,,
12_X_Clicks,,,
13_X_Clicks,,,
14_X_Clicks,,,
15_X_Clicks,,,
16_X_Clicks,,,
17_X_Clicks,,,
18_X_Clicks,,,
20_X_Clicks,,,
21_X_Clicks,,,
26_X_Clicks,,,
27_X_Clicks,,,
28_X_Clicks,,,
29_X_Clicks,,,
31_X_Clicks,,,
35_X_Clicks,100,100,
38_X_Clicks,,,
41_X_Clicks,,,
42_X_Clicks,,,
43_X_Clicks,,,
44_X_Clicks,,,
46_X_Clicks,1338907665,795432338,
47_X_Clicks,,,
48_X_Clicks,,,
49_X_Clicks,4,5,
50_X_Clicks,64,56,
51_X_Clicks,,,
52_X_Clicks,96,98,
53_X_Clicks,1,1,
54_X_Clicks,10,8,
55_X_Clicks,0,0,
62_X_Clicks,,,
63_X_Clicks,,,
64_X_Clicks,29733000000,26821000000,
65_X_Clicks,,,
66_X_Clicks,,,
67_X_Clicks,1180103000,1131068000,
70_X_Clicks,,,
74_X_Clicks,,,
77_X_Clicks,,,
82_X_Clicks,,,
83_X_Clicks,,,
86_X_Clicks,,,
90_X_Clicks,,,
93_X_Clicks,,,
95_X_Clicks,,,
96_X_Clicks,,,
97_X_Clicks,,,
100_X_Clicks,,,
101_X_Clicks,,,
103_X_Clicks,,,
104_X_Clicks,,,
105_X_Clicks,,,
109_X_Clicks,3800000000,3700000000,
110_X_Clicks,,,
111_X_Clicks,,,
112_X_Clicks,,,
113_X_Clicks,,,
114_X_Clicks,,,
115_X_Clicks,,,
116_X_Clicks,,,
118_X_Clicks,,,
119_X_Clicks,,,
120_X_Clicks,,,
121_X_Clicks,,,
122_X_Clicks,,,
123_X_Clicks,,,
124_X_Clicks,220000000,229000000,
125_X_Clicks,,,
126_X_Clicks,,,
128_X_Clicks,2339,2770,
129_X_Clicks,109023,107279,
130_X_Clicks,15903,13292,
132_X_Clicks,,,
133_X_Clicks,16,16,
134_X_Clicks,7272000000,7068000000,
135_X_Clicks,,,
136_X_Clicks,,,
137_X_Clicks,,,
138_X_Clicks,,,
141_X_Clicks,,,
142_X_Clicks,,,
143_X_Clicks,,,
144_X_Clicks,,,
145_X_Clicks,,,
146_X_Clicks,,,
148_X_Clicks,,,
150_X_Clicks,,,
151_X_Clicks,,,
153_X_Clicks,,,
154_X_Clicks,,,
156_X_Clicks,,,
157_X_Clicks,,,
162_X_Clicks,,,
163_X_Clicks,,,
164_X_Clicks,,,
166_X_Clicks,,,
169_X_Clicks,,,
170_X_Clicks,,,
172_X_Clicks,,,
179_X_Clicks,,,
183_X_Clicks,4,4,
185_X_Clicks,4,3,
187_X_Clicks,,,
188_X_Clicks,,,
189_X_Clicks,,,
190_X_Clicks,,,
191_X_Clicks,,,
193_X_Clicks,,,
194_X_Clicks,6,5,
195_X_Clicks,,,
196_X_Clicks,35,34,
197_X_Clicks,5,4,
198_X_Clicks,23,138,
203_X_Clicks,,,
212_X_Clicks,11655,11759,
213_X_Clicks,551,428,
214_X_Clicks,,,
216_X_Clicks,,,
219_X_Clicks,0,2,
220_X_Clicks,4,3,
222_X_Clicks,,,
226_X_Clicks,70,71,
228_X_Clicks,,,
229_X_Clicks,,,
232_X_Clicks,,,
236_X_Clicks,,,
243_X_Clicks,23,138,
244_X_Clicks,72,84,
246_X_Clicks,,,
252_X_Clicks,,,
259_X_Clicks,,,
262_X_Clicks,,,
265_X_Clicks,,,
267_X_Clicks,1938192000,1790687000,
268_X_Clicks,2391845000,2166315000,
269_X_Clicks,,,
273_X_Clicks,,,
274_X_Clicks,,,
275_X_Clicks,,,
276_X_Clicks,,,
277_X_Clicks,,,
278_X_Clicks,,,
279_X_Clicks,,,
281_X_Clicks,,,
282_X_Clicks,13,12,
285_X_Clicks,,,
286_X_Clicks,86,84,
287_X_Clicks,67,63,
288_X_Clicks,53,49,
289_X_Clicks,71,69,
290_X_Clicks,,,
291_X_Clicks,,,
293_X_Clicks,,,
294_X_Clicks,,,
295_X_Clicks,9,10,
298_X_Clicks,36,33,
300_X_Clicks,,,
302_X_Clicks,530,514,
308_X_Clicks,2,2,
311_X_Clicks,74,70,
314_X_Clicks,,,
316_X_Clicks,,,
317_X_Clicks,,,
318_X_Clicks,,,
319_X_Clicks,,,
321_X_Clicks,,,
323_X_Clicks,,,
324_X_Clicks,,,
325_X_Clicks,,,
326_X_Clicks,,,
331_X_Clicks,,,
332_X_Clicks,,,
333_X_Clicks,,,
334_X_Clicks,,,
338_X_Clicks,76,80,
339_X_Clicks,,,
341_X_Clicks,,,
343_X_Clicks,4,5,
347_X_Clicks,,,
348_X_Clicks,64,64,
349_X_Clicks,64,64,
353_X_Clicks,0.6175213938392707,0.5978960804385351,
356_X_Clicks,,,
364_X_Clicks,1872609259,1400929908,
366_X_Clicks,,,
367_X_Clicks,,,
368_X_Clicks,,,
369_X_Clicks,,,
376_X_Clicks,2568,2523,
379_X_Clicks,,,
380_X_Clicks,,,
382_X_Clicks,,,
385_X_Clicks,37339000000,33889000000,
390_X_Clicks,,,
393_X_Clicks,,,
394_X_Clicks,,,
397_X_Clicks,,,
398_X_Clicks,23326677,18777526,
399_X_Clicks,,,
400_X_Clicks,,,
404_X_Clicks,,,
406_X_Clicks,,,
407_X_Clicks,,,
414_X_Clicks,,,
418_X_Clicks,,,
421_X_Clicks,,,
430_X_Clicks,23326677,18777526,
432_X_Clicks,,,
433_X_Clicks,,,
435_X_Clicks,,,
439_X_Clicks,,,
444_X_Clicks,,,
445_X_Clicks,,,
448_X_Clicks,,,
449_X_Clicks,,,
451_X_Clicks,,,
452_X_Clicks,,,
453_X_Clicks,,,
458_X_Clicks,7570818.181818182,10300222.222222222,
460_X_Clicks,,,
461_X_Clicks,,,
466_X_Clicks,187000000,140000000,
467_X_Clicks,1967.68,1484.6000000000001,
468_X_Clicks,372954.6576,380618.0496,
471_X_Clicks,2303.0748,2275.7003999999997,
473_X_Clicks,,,
474_X_Clicks,,,
475_X_Clicks,,,
476_X_Clicks,,,
477_X_Clicks,65000000,69000000,
479_X_Clicks,,,
480_X_Clicks,,,
482_X_Clicks,,,
483_X_Clicks,,,
484_X_Clicks,,,
488_X_Clicks,,,
489_X_Clicks,42.198,42.3,
490_X_Clicks,,,
491_X_Clicks,,,
498_X_Clicks,,,
499_X_Clicks,,,
500_X_Clicks,,,
502_X_Clicks,,,
504_X_Clicks,,,
506_X_Clicks,24417303626,21955809853,
508_X_Clicks,103598.516,105727.236,
511_X_Clicks,97,112,
513_X_Clicks,,,
517_X_Clicks,,,
523_X_Clicks,15871,15582,
525_X_Clicks,,,
530_X_Clicks,,,
532_X_Clicks,,,
533_X_Clicks,,,
539_X_Clicks,,,
550_X_Clicks,,,
554_X_Clicks,2705,,
555_X_Clicks,,,
561_X_Clicks,,,
564_X_Clicks,,,
565_X_Clicks,,,
566_X_Clicks,,,
572_X_Clicks,,,
573_X_Clicks,,,
574_X_Clicks,,,
575_X_Clicks,33000000000,29000000000,
579_X_Clicks,,,
582_X_Clicks,,,
585_X_Clicks,,,
586_X_Clicks,,,
587_X_Clicks,,,
590_X_Clicks,,,
592_X_Clicks,,,
595_X_Clicks,,,
596_X_Clicks,,,
597_X_Clicks,,,
599_X_Clicks,,,
601_X_Clicks,,,
602_X_Clicks,,,
605_X_Clicks,,,
606_X_Clicks,,,
607_X_Clicks,23326677,18777526,
608_X_Clicks,,,
609_X_Clicks,5600000,6300000,
613_X_Clicks,,,
615_X_Clicks,,,
616_X_Clicks,,,
617_X_Clicks,,,
619_X_Clicks,,,
620_X_Clicks,,,
621_X_Clicks,,,
622_X_Clicks,,,
623_X_Clicks,,,
627_X_Clicks,,,
628_X_Clicks,,,
629_X_Clicks,,,
630_X_Clicks,,,
631_X_Clicks,,,
632_X_Clicks,,,
638_X_Clicks,,,
639_X_Clicks,,,
640_X_Clicks,,,
644_X_Clicks,,,
650_X_Clicks,,,
654_X_Clicks,,,
678_X_Clicks,,,
679_X_Clicks,,,
684_X_Clicks,,,
689_X_Clicks,,,
698_X_Clicks,,,
700_X_Clicks,,,
703_X_Clicks,,,
704_X_Clicks,,,
713_X_Clicks,,,
716_X_Clicks,,,
732_X_Clicks,19.84,19.67,
733_X_Clicks,1231.024,865.658,
734_X_Clicks,4020.366,3878.89,
735_X_Clicks,,,
736_X_Clicks,,,
737_X_Clicks,,,
738_X_Clicks,,,
742_X_Clicks,,,
749_X_Clicks,,,
750_X_Clicks,,,
751_X_Clicks,,,
753_X_Clicks,,,
757_X_Clicks,,,
758_X_Clicks,,,
759_X_Clicks,,,
760_X_Clicks,,,
761_X_Clicks,,,
762_X_Clicks,,,
763_X_Clicks,,,
764_X_Clicks,,,
765_X_Clicks,,,
766_X_Clicks,,,
767_X_Clicks,,,
768_X_Clicks,,,
771_X_Clicks,,,
772_X_Clicks,,,
773_X_Clicks,,,
774_X_Clicks,Not tracked,Not tracked,
775_X_Clicks,,,
776_X_Clicks,,,
777_X_Clicks,,,
778_X_Clicks,,,
779_X_Clicks,,,
781_X_Clicks,,,
782_X_Clicks,,,
783_X_Clicks,,,
784_X_Clicks,,,
785_X_Clicks,,,
786_X_Clicks,,,
788_X_Clicks,,,
789_X_Clicks,,,
790_X_Clicks,,,
791_X_Clicks,,,
792_X_Clicks,,,
794_X_Clicks,3,3,
795_X_Clicks,8,6,
796_X_Clicks,8,6,
797_X_Clicks,,,
798_X_Clicks,0,0,
799_X_Clicks,,,
800_X_Clicks,6984000000,6408000000,
802_X_Clicks,39,42,
803_X_Clicks,61,58,
804_X_Clicks,64,64,
805_X_Clicks,36,36,
806_X_Clicks,71,69,
807_X_Clicks,19,19,
808_X_Clicks,3,2,
809_X_Clicks,,,
810_X_Clicks,7,9,
813_X_Clicks,,,
814_X_Clicks,0,0,
815_X_Clicks,,,
816_X_Clicks,,,
817_X_Clicks,,,
818_X_Clicks,,,
819_X_Clicks,56,57,
820_X_Clicks,,,
821_X_Clicks,,,
822_X_Clicks,,,
823_X_Clicks,,,
824_X_Clicks,0.09,0.07,
825_X_Clicks,0.1,0.09,
826_X_Clicks,0.11,0.09,
827_X_Clicks,0.05,0.04,
828_X_Clicks,0.1,0.05,
829_X_Clicks,,,
830_X_Clicks,0.05,0.05,
831_X_Clicks,,,
832_X_Clicks,,,
833_X_Clicks,,,
834_X_Clicks,,,
835_X_Clicks,,,
836_X_Clicks,,,
837_X_Clicks,,,
838_X_Clicks,,,
839_X_Clicks,,,
840_X_Clicks,,,
841_X_Clicks,,,
842_X_Clicks,,,
843_X_Clicks,,,
844_X_Clicks,,,
845_X_Clicks,,,
846_X_Clicks,,,
847_X_Clicks,,,
848_X_Clicks,,,
849_X_Clicks,,,
850_X_Clicks,,,
851_X_Clicks,,,
852_X_Clicks,,,
853_X_Clicks,,,
854_X_Clicks,,,
855_X_Clicks,,,
856_X_Clicks,,,
857_X_Clicks,,,
858_X_Clicks,,,
859_X_Clicks,,,
860_X_Clicks,,,
861_X_Clicks,,,
862_X_Clicks,,,
863_X_Clicks,,,
864_X_Clicks,,,
865_X_Clicks,,,
866_X_Clicks,,,
867_X_Clicks,,,
871_X_Clicks,4062,4776,
874_X_Clicks,,,
880_X_Clicks,,,
882_X_Clicks,,,
883_X_Clicks,,,
886_X_Clicks,,,
887_X_Clicks,,,
888_X_Clicks,,,
889_X_Clicks,,,
891_X_Clicks,,,
905_X_Clicks,,,
913_X_Clicks,,,
914_X_Clicks,,,
915_X_Clicks,,,
916_X_Clicks,,,
917_X_Clicks,,,
918_X_Clicks,,,
919_X_Clicks,,,
920_X_Clicks,,,
921_X_Clicks,,,
922_X_Clicks,,,
923_X_Clicks,,,
924_X_Clicks,,,
925_X_Clicks,,,
926_X_Clicks,,,
927_X_Clicks,,,
928_X_Clicks,,,
929_X_Clicks,100,100,
930_X_Clicks,5,5,
931_X_Clicks,,,
932_X_Clicks,,,
933_X_Clicks,,,
934_X_Clicks,,,
935_X_Clicks,621,585,
936_X_Clicks,,,
937_X_Clicks,,,
938_X_Clicks,,,
939_X_Clicks,,,
940_X_Clicks,841,884,
941_X_Clicks,,,
943_X_Clicks,,,
944_X_Clicks,,,
945_X_Clicks,,,
946_X_Clicks,53.719,77.096,
947_X_Clicks,,,
948_X_Clicks,,,
949_X_Clicks,277,372,
953_X_Clicks,,,
957_X_Clicks,,,
962_X_Clicks,,,
965_X_Clicks,,,
993_X_Clicks,,,
1035_X_Clicks,15136,14846,
1036_X_Clicks,2005,1970,
1037_X_Clicks,7069,6938,
1038_X_Clicks,98,95,
1039_X_Clicks,57,69,
1040_X_Clicks,277,372,
1041_X_Clicks,73,67,
1042_X_Clicks,73,67,
1043_X_Clicks,732,690,
1044_X_Clicks,725,717,
1045_X_Clicks,732,733,
1046_X_Clicks,17,22,
1047_X_Clicks,87,76,
1048_X_Clicks,32.1,23.8,
1049_X_Clicks,664,413,
1050_X_Clicks,56.2,8.3,
1051_X_Clicks,,,
1052_X_Clicks,,,
1053_X_Clicks,,,
1054_X_Clicks,,,
1055_X_Clicks,,,
1070_X_Clicks,,,
3_X_Distell,,,
6_X_Distell,,,
7_X_Distell,,,
8_X_Distell,,,
9_X_Distell,,,
10_X_Distell,,,
11_X_Distell,,,
12_X_Distell,,,
13_X_Distell,,,
14_X_Distell,,,
15_X_Distell,,,
16_X_Distell,,,
17_X_Distell,,,
18_X_Distell,,,
20_X_Distell,,,
21_X_Distell,,,
26_X_Distell,,,
27_X_Distell,,,
28_X_Distell,,,
29_X_Distell,,,
31_X_Distell,,,
35_X_Distell,,,
38_X_Distell,,,
41_X_Distell,,,
42_X_Distell,,,
43_X_Distell,,,
44_X_Distell,,,
46_X_Distell,,,
47_X_Distell,,,
48_X_Distell,,,
49_X_Distell,4.0,4.0,
50_X_Distell,,,
51_X_Distell,,,
52_X_Distell,95.8,95.1,
53_X_Distell,,,
54_X_Distell,,,
55_X_Distell,,,
62_X_Distell,,,
63_X_Distell,,,
64_X_Distell,,,
65_X_Distell,,,
66_X_Distell,,,
67_X_Distell,,,
70_X_Distell,,,
74_X_Distell,,,
77_X_Distell,,,
82_X_Distell,,,
83_X_Distell,,,
86_X_Distell,,,
90_X_Distell,,,
93_X_Distell,,,
95_X_Distell,,,
96_X_Distell,,,
97_X_Distell,,,
100_X_Distell,,,
101_X_Distell,,,
103_X_Distell,,,
104_X_Distell,,,
105_X_Distell,,,
109_X_Distell,,,
110_X_Distell,,,
111_X_Distell,,,
112_X_Distell,,,
113_X_Distell,,,
114_X_Distell,,,
115_X_Distell,,,
116_X_Distell,,,
118_X_Distell,,,
119_X_Distell,,,
120_X_Distell,,,
121_X_Distell,,,
122_X_Distell,,,
123_X_Distell,,,
124_X_Distell,,,
125_X_Distell,,,
126_X_Distell,,,
128_X_Distell,69478.0,59268.0,
129_X_Distell,64893.0,77621.0,
130_X_Distell,296909.0,222852.0,
132_X_Distell,,,
133_X_Distell,,,
134_X_Distell,,,
135_X_Distell,,,
136_X_Distell,,,
137_X_Distell,,,
138_X_Distell,,,
141_X_Distell,,,
142_X_Distell,,,
143_X_Distell,,,
144_X_Distell,,,
145_X_Distell,,,
146_X_Distell,,,
148_X_Distell,,,
150_X_Distell,,,
151_X_Distell,1.13,1.27,
153_X_Distell,,,
154_X_Distell,,,
156_X_Distell,,,
157_X_Distell,,,
162_X_Distell,,,
163_X_Distell,,,
164_X_Distell,,,
166_X_Distell,,,
169_X_Distell,,,
170_X_Distell,,,
172_X_Distell,,,
179_X_Distell,,,
183_X_Distell,,,
185_X_Distell,,,
187_X_Distell,,,
188_X_Distell,,,
189_X_Distell,,,
190_X_Distell,,,
191_X_Distell,,,
193_X_Distell,,,
194_X_Distell,,,
195_X_Distell,,,
196_X_Distell,,,
197_X_Distell,,,
198_X_Distell,,,
203_X_Distell,,,
212_X_Distell,,,
213_X_Distell,60.0,46.0,
214_X_Distell,,,
216_X_Distell,,,
219_X_Distell,1.0,0.0,
220_X_Distell,3.0,3.0,
222_X_Distell,,,
226_X_Distell,,,
228_X_Distell,,,
229_X_Distell,,,
232_X_Distell,,,
236_X_Distell,31.0,55.0,
243_X_Distell,6.0,1.0,
244_X_Distell,32.0,55.0,
246_X_Distell,,,
252_X_Distell,,,
259_X_Distell,,,
262_X_Distell,,,
265_X_Distell,,,
267_X_Distell,,,
268_X_Distell,,,
269_X_Distell,,,
273_X_Distell,,,
274_X_Distell,,,
275_X_Distell,,,
276_X_Distell,,,
277_X_Distell,,,
278_X_Distell,,,
279_X_Distell,,,
281_X_Distell,,,
282_X_Distell,,,
285_X_Distell,,,
286_X_Distell,,,
287_X_Distell,,,
288_X_Distell,,,
289_X_Distell,75.0,75.05,
290_X_Distell,,,
291_X_Distell,,,
293_X_Distell,,,
294_X_Distell,,,
295_X_Distell,29.0,25.0,
298_X_Distell,25.0,25.0,
300_X_Distell,,,
302_X_Distell,,,
308_X_Distell,,,
311_X_Distell,25.4,19.0,
314_X_Distell,,,
316_X_Distell,,,
317_X_Distell,,,
318_X_Distell,,,
319_X_Distell,,,
321_X_Distell,,,
323_X_Distell,,,
324_X_Distell,,,
325_X_Distell,,,
326_X_Distell,,,
331_X_Distell,,,
332_X_Distell,,,
333_X_Distell,,,
334_X_Distell,,,
338_X_Distell,,,
339_X_Distell,,,
341_X_Distell,,,
343_X_Distell,,,
347_X_Distell,,,
348_X_Distell,,,
349_X_Distell,35.0,32.0,
353_X_Distell,,,
356_X_Distell,,,
364_X_Distell,,,
366_X_Distell,,,
367_X_Distell,,,
368_X_Distell,,,
369_X_Distell,,,
376_X_Distell,,,
379_X_Distell,,,
380_X_Distell,,,
382_X_Distell,,,
385_X_Distell,20536935000.0,15876373000.0,
390_X_Distell,,,
393_X_Distell,,,
394_X_Distell,,,
397_X_Distell,,,
398_X_Distell,99314869.0,,
399_X_Distell,1793000.0,,
400_X_Distell,,,
404_X_Distell,,,
406_X_Distell,,,
407_X_Distell,,,
414_X_Distell,,,
418_X_Distell,,,
421_X_Distell,,,
430_X_Distell,,,
432_X_Distell,,,
433_X_Distell,,,
435_X_Distell,,,
439_X_Distell,,,
444_X_Distell,539435000.0,139717000.0,
445_X_Distell,,,
448_X_Distell,,,
449_X_Distell,,,
451_X_Distell,,,
452_X_Distell,,,
453_X_Distell,,,
458_X_Distell,36122000.0,17783000.0,
460_X_Distell,,,
461_X_Distell,,,
466_X_Distell,24500000.0,24600000.0,
467_X_Distell,,,
468_X_Distell,266520.0,273474.0,
471_X_Distell,5144.4,3873.6,
473_X_Distell,,,
474_X_Distell,,,
475_X_Distell,3816799.0,2194902.0,
476_X_Distell,,,
477_X_Distell,116900000.0,105100000.0,
479_X_Distell,,,
480_X_Distell,,,
482_X_Distell,,,
483_X_Distell,,,
484_X_Distell,,,
488_X_Distell,,,
489_X_Distell,2196.737,1696.277,
490_X_Distell,,,
491_X_Distell,,,
498_X_Distell,,,
499_X_Distell,,,
500_X_Distell,8098560.0,8837280.0,
502_X_Distell,,,
504_X_Distell,,,
506_X_Distell,,,
508_X_Distell,74033.0,75965.0,
511_X_Distell,,,
513_X_Distell,,,
517_X_Distell,,,
523_X_Distell,4440.0,4845.0,
525_X_Distell,,,
530_X_Distell,,,
532_X_Distell,,,
533_X_Distell,,,
539_X_Distell,,,
550_X_Distell,,,
554_X_Distell,,,
555_X_Distell,,,
561_X_Distell,,,
564_X_Distell,,,
565_X_Distell,,,
566_X_Distell,,,
572_X_Distell,,,
573_X_Distell,,,
574_X_Distell,,,
575_X_Distell,,,
579_X_Distell,,,
582_X_Distell,,,
585_X_Distell,,,
586_X_Distell,,,
587_X_Distell,600000.0,,
590_X_Distell,,,
592_X_Distell,,,
595_X_Distell,,,
596_X_Distell,,,
597_X_Distell,,,
599_X_Distell,,,
601_X_Distell,,,
602_X_Distell,,,
605_X_Distell,,,
606_X_Distell,,,
607_X_Distell,,,
608_X_Distell,,,
609_X_Distell,,,
613_X_Distell,,,
615_X_Distell,,,
616_X_Distell,,,
617_X_Distell,,,
619_X_Distell,,,
620_X_Distell,,,
621_X_Distell,,,
622_X_Distell,,,
623_X_Distell,,,
627_X_Distell,,,
628_X_Distell,,,
629_X_Distell,,,
630_X_Distell,,,
631_X_Distell,,,
632_X_Distell,,,
638_X_Distell,,,
639_X_Distell,,,
640_X_Distell,,,
644_X_Distell,,,
650_X_Distell,,,
654_X_Distell,,,
678_X_Distell,,,
679_X_Distell,,,
684_X_Distell,,,
689_X_Distell,,,
698_X_Distell,,,
700_X_Distell,,,
703_X_Distell,,,
704_X_Distell,,,
713_X_Distell,,,
716_X_Distell,,,
732_X_Distell,21.1,8.8,
733_X_Distell,,,
734_X_Distell,,,
735_X_Distell,,,
736_X_Distell,,,
737_X_Distell,,,
738_X_Distell,,,
742_X_Distell,,,
749_X_Distell,134371.0,136889.0,
750_X_Distell,12.0,12.0,
751_X_Distell,,,
753_X_Distell,,,
757_X_Distell,,,
758_X_Distell,,,
759_X_Distell,,,
760_X_Distell,,,
761_X_Distell,,,
762_X_Distell,,,
763_X_Distell,,,
764_X_Distell,,,
765_X_Distell,,,
766_X_Distell,,,
767_X_Distell,,,
768_X_Distell,,,
771_X_Distell,,,
772_X_Distell,,,
773_X_Distell,,,
774_X_Distell,,,
775_X_Distell,,,
776_X_Distell,,,
777_X_Distell,,,
778_X_Distell,,,
779_X_Distell,,,
781_X_Distell,,,
782_X_Distell,,,
783_X_Distell,,,
784_X_Distell,,,
785_X_Distell,,,
786_X_Distell,,,
788_X_Distell,,,
789_X_Distell,,,
790_X_Distell,,,
791_X_Distell,,,
792_X_Distell,,,
794_X_Distell,2.0,2.0,
795_X_Distell,8.0,8.0,
796_X_Distell,10.0,10.0,
797_X_Distell,,,
798_X_Distell,,,
799_X_Distell,8.9,7.9,
800_X_Distell,,,
802_X_Distell,,,
803_X_Distell,,,
804_X_Distell,,,
805_X_Distell,,,
806_X_Distell,,,
807_X_Distell,,,
808_X_Distell,,,
809_X_Distell,,,
810_X_Distell,,,
813_X_Distell,,,
814_X_Distell,,,
815_X_Distell,,,
816_X_Distell,,,
817_X_Distell,,,
818_X_Distell,,,
819_X_Distell,,,
820_X_Distell,,,
821_X_Distell,,,
822_X_Distell,,,
823_X_Distell,,,
824_X_Distell,,,
825_X_Distell,,,
826_X_Distell,,,
827_X_Distell,,,
828_X_Distell,,,
829_X_Distell,,,
830_X_Distell,,,
831_X_Distell,,,
832_X_Distell,,,
833_X_Distell,,,
834_X_Distell,,,
835_X_Distell,,,
836_X_Distell,,,
837_X_Distell,,,
838_X_Distell,,,
839_X_Distell,,,
840_X_Distell,,,
841_X_Distell,,,
842_X_Distell,,,
843_X_Distell,,,
844_X_Distell,,,
845_X_Distell,,,
846_X_Distell,,,
847_X_Distell,,,
848_X_Distell,,,
849_X_Distell,,,
850_X_Distell,,,
851_X_Distell,,,
852_X_Distell,,,
853_X_Distell,,,
854_X_Distell,,,
855_X_Distell,,,
856_X_Distell,,,
857_X_Distell,,,
858_X_Distell,,,
859_X_Distell,,,
860_X_Distell,,,
861_X_Distell,,,
862_X_Distell,,,
863_X_Distell,,,
864_X_Distell,,,
865_X_Distell,,,
866_X_Distell,,,
867_X_Distell,,,
871_X_Distell,,,
874_X_Distell,2680770.0,,
880_X_Distell,,,
882_X_Distell,,,
883_X_Distell,,,
886_X_Distell,,,
887_X_Distell,,,
888_X_Distell,,,
889_X_Distell,,,
891_X_Distell,,,
905_X_Distell,,,
913_X_Distell,,,
914_X_Distell,,,
915_X_Distell,,,
916_X_Distell,,,
917_X_Distell,,,
918_X_Distell,,,
919_X_Distell,,,
920_X_Distell,,,
921_X_Distell,,,
922_X_Distell,,,
923_X_Distell,,,
924_X_Distell,,,
925_X_Distell,,,
926_X_Distell,,,
927_X_Distell,,,
928_X_Distell,,,
929_X_Distell,,,
930_X_Distell,,,
931_X_Distell,,,
932_X_Distell,,,
933_X_Distell,,,
934_X_Distell,,,
935_X_Distell,,,
936_X_Distell,,,
937_X_Distell,,,
938_X_Distell,,,
939_X_Distell,,,
940_X_Distell,,,
941_X_Distell,,,
943_X_Distell,,,
944_X_Distell,,,
945_X_Distell,,,
946_X_Distell,,,
947_X_Distell,,,
948_X_Distell,,,
949_X_Distell,,,
953_X_Distell,,,
957_X_Distell,,,
962_X_Distell,431280.0,359741.0,
965_X_Distell,,,
993_X_Distell,,,
1035_X_Distell,,,
1036_X_Distell,,,
1037_X_Distell,,,
1038_X_Distell,,,
1039_X_Distell,,,
1040_X_Distell,127.0,550.0,
1041_X_Distell,83.3,83.3,
1042_X_Distell,66.7,66.7,
1043_X_Distell,,,
1044_X_Distell,,,
1045_X_Distell,,,
1046_X_Distell,,,
1047_X_Distell,,,
1048_X_Distell,,,
1049_X_Distell,,,
1050_X_Distell,,,
1051_X_Distell,,,
1052_X_Distell,,,
1053_X_Distell,,,
1054_X_Distell,,,
1055_X_Distell,,,
1070_X_Distell,,,
3_X_Impala,,,
6_X_Impala,,,
7_X_Impala,12885.0,11650.0,12421.0
8_X_Impala,32932.0,30581.0,32461.0
9_X_Impala,,,
10_X_Impala,,,
11_X_Impala,,,
12_X_Impala,,,
13_X_Impala,,,
14_X_Impala,,,
15_X_Impala,,,
16_X_Impala,,,
17_X_Impala,,,
18_X_Impala,,,
20_X_Impala,,,
21_X_Impala,,,
26_X_Impala,,,
27_X_Impala,,,
28_X_Impala,,,
29_X_Impala,23.0,26.0,12.0
31_X_Impala,,,
35_X_Impala,,,
38_X_Impala,,,
41_X_Impala,,,
42_X_Impala,,,
43_X_Impala,,,
44_X_Impala,,,
46_X_Impala,,,
47_X_Impala,,,
48_X_Impala,,,
49_X_Impala,,,
50_X_Impala,,,
51_X_Impala,,,
52_X_Impala,,,
53_X_Impala,,,
54_X_Impala,,,
55_X_Impala,,,
62_X_Impala,,,
63_X_Impala,,,
64_X_Impala,,,
65_X_Impala,,,
66_X_Impala,,,
67_X_Impala,,,
70_X_Impala,,,
74_X_Impala,,,
77_X_Impala,,,
82_X_Impala,,,
83_X_Impala,,,
86_X_Impala,,,
90_X_Impala,,,
93_X_Impala,,,
95_X_Impala,,,
96_X_Impala,,,
97_X_Impala,,,
100_X_Impala,,,
101_X_Impala,,,
103_X_Impala,,,
104_X_Impala,,,
105_X_Impala,,,
109_X_Impala,,,
110_X_Impala,,,
111_X_Impala,,,
112_X_Impala,,,
113_X_Impala,,,
114_X_Impala,,,
115_X_Impala,,,
116_X_Impala,,,
118_X_Impala,,,
119_X_Impala,,,
120_X_Impala,,,
121_X_Impala,,,
122_X_Impala,0.03666666666666667,0.018666666666666668,0.017333333333333333
123_X_Impala,,,
124_X_Impala,,,
125_X_Impala,,,
126_X_Impala,,,
128_X_Impala,375928.0,344502.0,356028.0
129_X_Impala,3215898.0,2906905.0,3091658.0
130_X_Impala,,,
132_X_Impala,,,
133_X_Impala,,,
134_X_Impala,,,
135_X_Impala,,,
136_X_Impala,34804.0,31488.0,28964.0
137_X_Impala,,,
138_X_Impala,,,
141_X_Impala,,,
142_X_Impala,,,
143_X_Impala,,,
144_X_Impala,,,
145_X_Impala,,,
146_X_Impala,,,
148_X_Impala,,,
150_X_Impala,,,
151_X_Impala,4.166666666666667,4.096666666666667,6.45
153_X_Impala,,,
154_X_Impala,,,
156_X_Impala,,,
157_X_Impala,7.0633333333333335,12.173333333333334,11.063333333333333
162_X_Impala,,,
163_X_Impala,,,
164_X_Impala,,,
166_X_Impala,,,
169_X_Impala,,,
170_X_Impala,,,
172_X_Impala,,,
179_X_Impala,,,
183_X_Impala,,,
185_X_Impala,,,
187_X_Impala,,,
188_X_Impala,,,
189_X_Impala,,,
190_X_Impala,,,
191_X_Impala,,,
193_X_Impala,,,
194_X_Impala,,,
195_X_Impala,,,
196_X_Impala,,,
197_X_Impala,,,
198_X_Impala,,,
203_X_Impala,,,
212_X_Impala,,,
213_X_Impala,,,
214_X_Impala,,,
216_X_Impala,,,
219_X_Impala,2.0,4.0,0.0
220_X_Impala,,,
222_X_Impala,,,
226_X_Impala,6084.0,5873.0,5571.0
228_X_Impala,,,
229_X_Impala,,,
232_X_Impala,,,
236_X_Impala,553.0,438.0,554.0
243_X_Impala,,,
244_X_Impala,407.0,362.0,412.0
246_X_Impala,,,
252_X_Impala,,,
259_X_Impala,,,
262_X_Impala,,,
265_X_Impala,,,
267_X_Impala,,,
268_X_Impala,,,
269_X_Impala,,,
273_X_Impala,,,
274_X_Impala,,,
275_X_Impala,,,
276_X_Impala,,,
277_X_Impala,,,
278_X_Impala,,,
279_X_Impala,,,
281_X_Impala,,,
282_X_Impala,,,
285_X_Impala,,,
286_X_Impala,,,
287_X_Impala,,,
288_X_Impala,,,
289_X_Impala,,,
290_X_Impala,,,
291_X_Impala,,,
293_X_Impala,,,
294_X_Impala,,,
295_X_Impala,,,
298_X_Impala,,,
300_X_Impala,,,
302_X_Impala,,,
308_X_Impala,,,
311_X_Impala,,,
314_X_Impala,,,
316_X_Impala,,,
317_X_Impala,,,
318_X_Impala,,,
319_X_Impala,,,
321_X_Impala,,,
323_X_Impala,,,
324_X_Impala,,,
325_X_Impala,,,
326_X_Impala,,,
331_X_Impala,,,
332_X_Impala,,,
333_X_Impala,,,
334_X_Impala,,,
338_X_Impala,,,
339_X_Impala,,,
341_X_Impala,,,
343_X_Impala,,,
347_X_Impala,,,
348_X_Impala,,,
349_X_Impala,,,
353_X_Impala,,,
356_X_Impala,,,
364_X_Impala,,,
366_X_Impala,,,
367_X_Impala,,,
368_X_Impala,,,
369_X_Impala,,,
376_X_Impala,,,
379_X_Impala,,,
380_X_Impala,,,
382_X_Impala,,,
385_X_Impala,,,
390_X_Impala,,,
393_X_Impala,,,
394_X_Impala,,,
397_X_Impala,,,
398_X_Impala,,,
399_X_Impala,,,
400_X_Impala,,,
404_X_Impala,,,
406_X_Impala,,,
407_X_Impala,,,
414_X_Impala,,,
418_X_Impala,,,
421_X_Impala,,,
430_X_Impala,,,
432_X_Impala,,,
433_X_Impala,,,
435_X_Impala,,,
439_X_Impala,,,
444_X_Impala,,,
445_X_Impala,,,
448_X_Impala,,,
449_X_Impala,,,
451_X_Impala,,,
452_X_Impala,,,
453_X_Impala,,,
458_X_Impala,,,
460_X_Impala,,,
461_X_Impala,,,
466_X_Impala,719000000.0,492000000.0,465000000.0
467_X_Impala,,,
468_X_Impala,14970000.0,13593000.0,14340000.0
471_X_Impala,,,
473_X_Impala,,,
474_X_Impala,,,
475_X_Impala,,,
476_X_Impala,,,
477_X_Impala,,,
479_X_Impala,,,
480_X_Impala,,,
482_X_Impala,,,
483_X_Impala,,,
484_X_Impala,,,
488_X_Impala,16160.0,15636.0,15928.0
489_X_Impala,29154.0,27220.0,27820.0
490_X_Impala,,,
491_X_Impala,,,
498_X_Impala,,,
499_X_Impala,,,
500_X_Impala,,,
502_X_Impala,1674000000.0,1135000000.0,1188000000.0
504_X_Impala,,,
506_X_Impala,,,
508_X_Impala,3031000.0,2742000.0,2918000.0
511_X_Impala,,,
513_X_Impala,,,
517_X_Impala,,,
523_X_Impala,,,
525_X_Impala,,,
530_X_Impala,,,
532_X_Impala,,,
533_X_Impala,97204887.0,84046335.0,90210837.0
539_X_Impala,,,
550_X_Impala,,,
554_X_Impala,,,
555_X_Impala,,,
561_X_Impala,,,
564_X_Impala,,,
565_X_Impala,,,
566_X_Impala,,,
572_X_Impala,0.222,0.219,0.219
573_X_Impala,,,
574_X_Impala,,,
575_X_Impala,,,
579_X_Impala,11.229999999999999,16.27,17.513333333333332
582_X_Impala,,,
585_X_Impala,,,
586_X_Impala,,,
587_X_Impala,,,
590_X_Impala,,,
592_X_Impala,,,
595_X_Impala,,,
596_X_Impala,,,
597_X_Impala,,,
599_X_Impala,,,
601_X_Impala,,,
602_X_Impala,2514000000.0,1951000000.0,1846000000.0
605_X_Impala,,,
606_X_Impala,,,
607_X_Impala,,,
608_X_Impala,,,
609_X_Impala,,,
613_X_Impala,,,
615_X_Impala,,,
616_X_Impala,,,
617_X_Impala,,,
619_X_Impala,,,
620_X_Impala,,,
621_X_Impala,,,
622_X_Impala,,,
623_X_Impala,,,
627_X_Impala,,,
628_X_Impala,,,
629_X_Impala,,,
630_X_Impala,,,
631_X_Impala,,,
632_X_Impala,,,
638_X_Impala,,,
639_X_Impala,,,
640_X_Impala,,,
644_X_Impala,,,
650_X_Impala,,,
654_X_Impala,,,
678_X_Impala,,,
679_X_Impala,,,
684_X_Impala,,,
689_X_Impala,,,
698_X_Impala,24859000.0,18977000.0,19296000.0
700_X_Impala,,,
703_X_Impala,,,
704_X_Impala,592000.0,406000.0,613000.0
713_X_Impala,,,
716_X_Impala,,,
732_X_Impala,,,
733_X_Impala,,,
734_X_Impala,,,
735_X_Impala,12993.0,11584.0,11892.0
736_X_Impala,,,
737_X_Impala,,,
738_X_Impala,,,
742_X_Impala,,,
749_X_Impala,,,
750_X_Impala,,,
751_X_Impala,,,
753_X_Impala,,,
757_X_Impala,,,
758_X_Impala,,,
759_X_Impala,,,
760_X_Impala,,,
761_X_Impala,,,
762_X_Impala,,,
763_X_Impala,,,
764_X_Impala,,,
765_X_Impala,,,
766_X_Impala,,,
767_X_Impala,,,
768_X_Impala,,,
771_X_Impala,,,
772_X_Impala,,,
773_X_Impala,,,
774_X_Impala,,,
775_X_Impala,,,
776_X_Impala,,,
777_X_Impala,,,
778_X_Impala,,,
779_X_Impala,,,
781_X_Impala,,,
782_X_Impala,,,
783_X_Impala,,,
784_X_Impala,,,
785_X_Impala,,,
786_X_Impala,,,
788_X_Impala,,,
789_X_Impala,,,
790_X_Impala,,,
791_X_Impala,,,
792_X_Impala,,,
794_X_Impala,,,
795_X_Impala,,,
796_X_Impala,,,
797_X_Impala,,,
798_X_Impala,,,
799_X_Impala,,,
800_X_Impala,,,
802_X_Impala,,,
803_X_Impala,,,
804_X_Impala,,,
805_X_Impala,,,
806_X_Impala,,,
807_X_Impala,,,
808_X_Impala,,,
809_X_Impala,,,
810_X_Impala,,,
813_X_Impala,,,
814_X_Impala,,,
815_X_Impala,,,
816_X_Impala,,,
817_X_Impala,,,
818_X_Impala,,,
819_X_Impala,,,
820_X_Impala,,,
821_X_Impala,,,
822_X_Impala,,,
823_X_Impala,,,
824_X_Impala,,,
825_X_Impala,,,
826_X_Impala,,,
827_X_Impala,,,
828_X_Impala,,,
829_X_Impala,,,
830_X_Impala,,,
831_X_Impala,,,
832_X_Impala,,,
833_X_Impala,,,
834_X_Impala,,,
835_X_Impala,,,
836_X_Impala,,,
837_X_Impala,,,
838_X_Impala,,,
839_X_Impala,,,
840_X_Impala,,,
841_X_Impala,,,
842_X_Impala,,,
843_X_Impala,,,
844_X_Impala,,,
845_X_Impala,,,
846_X_Impala,,,
847_X_Impala,,,
848_X_Impala,,,
849_X_Impala,,,
850_X_Impala,,,
851_X_Impala,,,
852_X_Impala,,,
853_X_Impala,,,
854_X_Impala,,,
855_X_Impala,,,
856_X_Impala,,,
857_X_Impala,,,
858_X_Impala,,,
859_X_Impala,,,
860_X_Impala,,,
861_X_Impala,,,
862_X_Impala,,,
863_X_Impala,,,
864_X_Impala,,,
865_X_Impala,,,
866_X_Impala,,,
867_X_Impala,,,
871_X_Impala,50847.0,29569.0,30873.0
874_X_Impala,,,
880_X_Impala,,,
882_X_Impala,,,
883_X_Impala,207.0,173.0,211.0
886_X_Impala,,,
887_X_Impala,,,
888_X_Impala,,,
889_X_Impala,,,
891_X_Impala,,,
905_X_Impala,,,
913_X_Impala,,,
914_X_Impala,,,
915_X_Impala,,,
916_X_Impala,,,
917_X_Impala,,,
918_X_Impala,,,
919_X_Impala,,,
920_X_Impala,,,
921_X_Impala,,,
922_X_Impala,,,
923_X_Impala,,,
924_X_Impala,,,
925_X_Impala,,,
926_X_Impala,,,
927_X_Impala,,,
928_X_Impala,,,
929_X_Impala,,,
930_X_Impala,,,
931_X_Impala,,,
932_X_Impala,,,
933_X_Impala,,,
934_X_Impala,,,
935_X_Impala,,,
936_X_Impala,,,
937_X_Impala,,,
938_X_Impala,,,
939_X_Impala,,,
940_X_Impala,,,
941_X_Impala,,,
943_X_Impala,,,
944_X_Impala,,,
945_X_Impala,,,
946_X_Impala,,,
947_X_Impala,,,
948_X_Impala,,,
949_X_Impala,,,
953_X_Impala,,,
957_X_Impala,,,
962_X_Impala,,,
965_X_Impala,,,
993_X_Impala,,,
1035_X_Impala,,,
1036_X_Impala,,,
1037_X_Impala,,,
1038_X_Impala,,,
1039_X_Impala,,,
1040_X_Impala,,,
1041_X_Impala,,,
1042_X_Impala,,,
1043_X_Impala,,,
1044_X_Impala,,,
1045_X_Impala,,,
1046_X_Impala,,,
1047_X_Impala,,,
1048_X_Impala,,,
1049_X_Impala,,,
1050_X_Impala,,,
1051_X_Impala,,,
1052_X_Impala,,,
1053_X_Impala,,,
1054_X_Impala,,,
1055_X_Impala,,,
1070_X_Impala,,,
3_X_Oceana1&2,,,
6_X_Oceana1&2,,,
7_X_Oceana1&2,,,
8_X_Oceana1&2,,,
9_X_Oceana1&2,,,
10_X_Oceana1&2,,,
11_X_Oceana1&2,,,
12_X_Oceana1&2,,,
13_X_Oceana1&2,,,
14_X_Oceana1&2,,,
15_X_Oceana1&2,,,
16_X_Oceana1&2,,,
17_X_Oceana1&2,,,
18_X_Oceana1&2,,,
20_X_Oceana1&2,,,
21_X_Oceana1&2,,,
26_X_Oceana1&2,,,
27_X_Oceana1&2,,,
28_X_Oceana1&2,,,
29_X_Oceana1&2,,,
31_X_Oceana1&2,,,
35_X_Oceana1&2,,,
38_X_Oceana1&2,,,
41_X_Oceana1&2,,,
42_X_Oceana1&2,,,
43_X_Oceana1&2,,,
44_X_Oceana1&2,,,
46_X_Oceana1&2,,,
47_X_Oceana1&2,,,
48_X_Oceana1&2,,,
49_X_Oceana1&2,1.0,,
50_X_Oceana1&2,,,
51_X_Oceana1&2,,,
52_X_Oceana1&2,,,
53_X_Oceana1&2,,,
54_X_Oceana1&2,,,
55_X_Oceana1&2,,,
62_X_Oceana1&2,,,
63_X_Oceana1&2,,,
64_X_Oceana1&2,,,
65_X_Oceana1&2,,,
66_X_Oceana1&2,,,
67_X_Oceana1&2,,,
70_X_Oceana1&2,,,
74_X_Oceana1&2,,,
77_X_Oceana1&2,,,
82_X_Oceana1&2,,,
83_X_Oceana1&2,,,
86_X_Oceana1&2,,,
90_X_Oceana1&2,,,
93_X_Oceana1&2,,,
95_X_Oceana1&2,,,
96_X_Oceana1&2,,,
97_X_Oceana1&2,,,
100_X_Oceana1&2,,,
101_X_Oceana1&2,,,
103_X_Oceana1&2,,,
104_X_Oceana1&2,,,
105_X_Oceana1&2,,,
109_X_Oceana1&2,1000000000.0,1300000000.0,1100000000.0
110_X_Oceana1&2,,,
111_X_Oceana1&2,,,
112_X_Oceana1&2,,,
113_X_Oceana1&2,,,
114_X_Oceana1&2,,,
115_X_Oceana1&2,,,
116_X_Oceana1&2,,,
118_X_Oceana1&2,,,
119_X_Oceana1&2,,,
120_X_Oceana1&2,,,
121_X_Oceana1&2,,,
122_X_Oceana1&2,,,
123_X_Oceana1&2,0.0,0.0,0.0
124_X_Oceana1&2,,,
125_X_Oceana1&2,,,
126_X_Oceana1&2,,,
128_X_Oceana1&2,132661.0,158244.0,166943.0
129_X_Oceana1&2,51007.0,59573.0,65947.0
130_X_Oceana1&2,63404.0,68227.0,76485.0
132_X_Oceana1&2,,,
133_X_Oceana1&2,,,
134_X_Oceana1&2,,,
135_X_Oceana1&2,,,
136_X_Oceana1&2,,,
137_X_Oceana1&2,,,
138_X_Oceana1&2,,,
141_X_Oceana1&2,,,
142_X_Oceana1&2,,,
143_X_Oceana1&2,,,
144_X_Oceana1&2,,,
145_X_Oceana1&2,,,
146_X_Oceana1&2,,,
148_X_Oceana1&2,,,
150_X_Oceana1&2,,,
151_X_Oceana1&2,,,
153_X_Oceana1&2,,,
154_X_Oceana1&2,,,
156_X_Oceana1&2,,,
157_X_Oceana1&2,,,
162_X_Oceana1&2,,,
163_X_Oceana1&2,,,
164_X_Oceana1&2,,,
166_X_Oceana1&2,,,
169_X_Oceana1&2,,,
170_X_Oceana1&2,,,
172_X_Oceana1&2,,,
179_X_Oceana1&2,,,
183_X_Oceana1&2,,,
185_X_Oceana1&2,,,
187_X_Oceana1&2,,,
188_X_Oceana1&2,,,
189_X_Oceana1&2,,,
190_X_Oceana1&2,,,
191_X_Oceana1&2,,,
193_X_Oceana1&2,,,
194_X_Oceana1&2,,,
195_X_Oceana1&2,,,
196_X_Oceana1&2,,,
197_X_Oceana1&2,,,
198_X_Oceana1&2,,,
203_X_Oceana1&2,,,
212_X_Oceana1&2,,,
213_X_Oceana1&2,,,
214_X_Oceana1&2,,,
216_X_Oceana1&2,,,
219_X_Oceana1&2,,,
220_X_Oceana1&2,,,
222_X_Oceana1&2,,,
226_X_Oceana1&2,,,
228_X_Oceana1&2,,,
229_X_Oceana1&2,,,
232_X_Oceana1&2,,,
236_X_Oceana1&2,,,
243_X_Oceana1&2,,,
244_X_Oceana1&2,,,
246_X_Oceana1&2,,,
252_X_Oceana1&2,,,
259_X_Oceana1&2,,,
262_X_Oceana1&2,,,
265_X_Oceana1&2,,,
267_X_Oceana1&2,,,
268_X_Oceana1&2,,,
269_X_Oceana1&2,,,
273_X_Oceana1&2,,,
274_X_Oceana1&2,,,
275_X_Oceana1&2,,,
276_X_Oceana1&2,,,
277_X_Oceana1&2,,,
278_X_Oceana1&2,,,
279_X_Oceana1&2,,,
281_X_Oceana1&2,,,
282_X_Oceana1&2,,,
285_X_Oceana1&2,,,
286_X_Oceana1&2,,,
287_X_Oceana1&2,,,
288_X_Oceana1&2,,,
289_X_Oceana1&2,,,
290_X_Oceana1&2,,,
291_X_Oceana1&2,,,
293_X_Oceana1&2,,,
294_X_Oceana1&2,,,
295_X_Oceana1&2,64.0,61.0,58.0
298_X_Oceana1&2,,,
300_X_Oceana1&2,,,
302_X_Oceana1&2,,,
308_X_Oceana1&2,,,
311_X_Oceana1&2,109.87,,
314_X_Oceana1&2,,,
316_X_Oceana1&2,,,
317_X_Oceana1&2,,,
318_X_Oceana1&2,,,
319_X_Oceana1&2,,,
321_X_Oceana1&2,,,
323_X_Oceana1&2,,,
324_X_Oceana1&2,,,
325_X_Oceana1&2,,,
326_X_Oceana1&2,,,
331_X_Oceana1&2,,,
332_X_Oceana1&2,,,
333_X_Oceana1&2,,,
334_X_Oceana1&2,,,
338_X_Oceana1&2,,,
339_X_Oceana1&2,,,
341_X_Oceana1&2,,,
343_X_Oceana1&2,,,
347_X_Oceana1&2,,,
348_X_Oceana1&2,,,
349_X_Oceana1&2,,,
353_X_Oceana1&2,,,
356_X_Oceana1&2,,,
364_X_Oceana1&2,,,
366_X_Oceana1&2,,,
367_X_Oceana1&2,,,
368_X_Oceana1&2,,,
369_X_Oceana1&2,,,
376_X_Oceana1&2,,,
379_X_Oceana1&2,,,
380_X_Oceana1&2,,,
382_X_Oceana1&2,,,
385_X_Oceana1&2,,,
390_X_Oceana1&2,,,
393_X_Oceana1&2,,,
394_X_Oceana1&2,,,
397_X_Oceana1&2,,,
398_X_Oceana1&2,6800000.0,9100000.0,6700000.0
399_X_Oceana1&2,,,
400_X_Oceana1&2,,,
404_X_Oceana1&2,,,
406_X_Oceana1&2,,,
407_X_Oceana1&2,,,
414_X_Oceana1&2,,,
418_X_Oceana1&2,,,
421_X_Oceana1&2,,,
430_X_Oceana1&2,,,
432_X_Oceana1&2,,,
433_X_Oceana1&2,,,
435_X_Oceana1&2,,,
439_X_Oceana1&2,,,
444_X_Oceana1&2,174000000.0,200000000.0,263000000.0
445_X_Oceana1&2,,,
448_X_Oceana1&2,,,
449_X_Oceana1&2,,,
451_X_Oceana1&2,,,
452_X_Oceana1&2,,,
453_X_Oceana1&2,,,
458_X_Oceana1&2,,,
460_X_Oceana1&2,,,
461_X_Oceana1&2,,,
466_X_Oceana1&2,60000000.0,60900000.0,28300000.0
467_X_Oceana1&2,,,
468_X_Oceana1&2,2100893.0,2484950.0,2687119.0
471_X_Oceana1&2,0.0,0.0,0.0
473_X_Oceana1&2,,,
474_X_Oceana1&2,,,
475_X_Oceana1&2,,,
476_X_Oceana1&2,,,
477_X_Oceana1&2,,,
479_X_Oceana1&2,,,
480_X_Oceana1&2,,,
482_X_Oceana1&2,,,
483_X_Oceana1&2,,,
484_X_Oceana1&2,,,
488_X_Oceana1&2,,,
489_X_Oceana1&2,307.289,370.505,260.579
490_X_Oceana1&2,,,
491_X_Oceana1&2,,,
498_X_Oceana1&2,,,
499_X_Oceana1&2,,,
500_X_Oceana1&2,,,
502_X_Oceana1&2,,,
504_X_Oceana1&2,,,
506_X_Oceana1&2,,,
508_X_Oceana1&2,54569.0,65674.0,72075.0
511_X_Oceana1&2,,,
513_X_Oceana1&2,,,
517_X_Oceana1&2,1355.0,1445.0,1680.0
523_X_Oceana1&2,2840.0,3005.0,3154.0
525_X_Oceana1&2,,,
530_X_Oceana1&2,,,
532_X_Oceana1&2,,,
533_X_Oceana1&2,,,
539_X_Oceana1&2,,,
550_X_Oceana1&2,,,
554_X_Oceana1&2,,,
555_X_Oceana1&2,,,
561_X_Oceana1&2,,,
564_X_Oceana1&2,,,
565_X_Oceana1&2,,,
566_X_Oceana1&2,,,
572_X_Oceana1&2,,,
573_X_Oceana1&2,,,
574_X_Oceana1&2,,,
575_X_Oceana1&2,,,
579_X_Oceana1&2,,,
582_X_Oceana1&2,,,
585_X_Oceana1&2,,,
586_X_Oceana1&2,,,
587_X_Oceana1&2,,,
590_X_Oceana1&2,,,
592_X_Oceana1&2,,,
595_X_Oceana1&2,,,
596_X_Oceana1&2,,,
597_X_Oceana1&2,,,
599_X_Oceana1&2,,,
601_X_Oceana1&2,,,
602_X_Oceana1&2,,,
605_X_Oceana1&2,,,
606_X_Oceana1&2,,,
607_X_Oceana1&2,,,
608_X_Oceana1&2,,,
609_X_Oceana1&2,607196.04,,
613_X_Oceana1&2,,,
615_X_Oceana1&2,,,
616_X_Oceana1&2,,,
617_X_Oceana1&2,,,
619_X_Oceana1&2,,,
620_X_Oceana1&2,,,
621_X_Oceana1&2,,,
622_X_Oceana1&2,,,
623_X_Oceana1&2,,,
627_X_Oceana1&2,,,
628_X_Oceana1&2,,,
629_X_Oceana1&2,,,
630_X_Oceana1&2,,,
631_X_Oceana1&2,,,
632_X_Oceana1&2,,,
638_X_Oceana1&2,,,
639_X_Oceana1&2,,,
640_X_Oceana1&2,,,
644_X_Oceana1&2,,,
650_X_Oceana1&2,,,
654_X_Oceana1&2,,,
678_X_Oceana1&2,,,
679_X_Oceana1&2,,,
684_X_Oceana1&2,,,
689_X_Oceana1&2,,,
698_X_Oceana1&2,,,
700_X_Oceana1&2,,,
703_X_Oceana1&2,,,
704_X_Oceana1&2,,,
713_X_Oceana1&2,,,
716_X_Oceana1&2,,,
732_X_Oceana1&2,,,
733_X_Oceana1&2,9031.0,,
734_X_Oceana1&2,2986.0,2110.0,2608.0
735_X_Oceana1&2,,,
736_X_Oceana1&2,,,
737_X_Oceana1&2,,,
738_X_Oceana1&2,,,
742_X_Oceana1&2,,,
749_X_Oceana1&2,,,
750_X_Oceana1&2,,,
751_X_Oceana1&2,,,
753_X_Oceana1&2,,,
757_X_Oceana1&2,,,
758_X_Oceana1&2,,,
759_X_Oceana1&2,,,
760_X_Oceana1&2,,,
761_X_Oceana1&2,,,
762_X_Oceana1&2,,,
763_X_Oceana1&2,,,
764_X_Oceana1&2,,,
765_X_Oceana1&2,,,
766_X_Oceana1&2,,,
767_X_Oceana1&2,,,
768_X_Oceana1&2,,,
771_X_Oceana1&2,,,
772_X_Oceana1&2,,,
773_X_Oceana1&2,,,
774_X_Oceana1&2,,,
775_X_Oceana1&2,,,
776_X_Oceana1&2,,,
777_X_Oceana1&2,,,
778_X_Oceana1&2,,,
779_X_Oceana1&2,,,
781_X_Oceana1&2,,,
782_X_Oceana1&2,,,
783_X_Oceana1&2,,,
784_X_Oceana1&2,,,
785_X_Oceana1&2,,,
786_X_Oceana1&2,,,
788_X_Oceana1&2,,,
789_X_Oceana1&2,,,
790_X_Oceana1&2,,,
791_X_Oceana1&2,,,
792_X_Oceana1&2,,,
794_X_Oceana1&2,,,
795_X_Oceana1&2,,,
796_X_Oceana1&2,,,
797_X_Oceana1&2,,,
798_X_Oceana1&2,,,
799_X_Oceana1&2,,,
800_X_Oceana1&2,,,
802_X_Oceana1&2,,,
803_X_Oceana1&2,,,
804_X_Oceana1&2,,,
805_X_Oceana1&2,,,
806_X_Oceana1&2,,,
807_X_Oceana1&2,,,
808_X_Oceana1&2,,,
809_X_Oceana1&2,,,
810_X_Oceana1&2,,,
813_X_Oceana1&2,,,
814_X_Oceana1&2,,,
815_X_Oceana1&2,,,
816_X_Oceana1&2,,,
817_X_Oceana1&2,,,
818_X_Oceana1&2,,,
819_X_Oceana1&2,,,
820_X_Oceana1&2,,,
821_X_Oceana1&2,,,
822_X_Oceana1&2,,,
823_X_Oceana1&2,,,
824_X_Oceana1&2,,,
825_X_Oceana1&2,,,
826_X_Oceana1&2,,,
827_X_Oceana1&2,,,
828_X_Oceana1&2,,,
829_X_Oceana1&2,,,
830_X_Oceana1&2,,,
831_X_Oceana1&2,,,
832_X_Oceana1&2,,,
833_X_Oceana1&2,,,
834_X_Oceana1&2,,,
835_X_Oceana1&2,,,
836_X_Oceana1&2,,,
837_X_Oceana1&2,,,
838_X_Oceana1&2,,,
839_X_Oceana1&2,,,
840_X_Oceana1&2,,,
841_X_Oceana1&2,,,
842_X_Oceana1&2,,,
843_X_Oceana1&2,,,
844_X_Oceana1&2,,,
845_X_Oceana1&2,,,
846_X_Oceana1&2,,,
847_X_Oceana1&2,,,
848_X_Oceana1&2,,,
849_X_Oceana1&2,,,
850_X_Oceana1&2,,,
851_X_Oceana1&2,,,
852_X_Oceana1&2,,,
853_X_Oceana1&2,,,
854_X_Oceana1&2,,,
855_X_Oceana1&2,,,
856_X_Oceana1&2,,,
857_X_Oceana1&2,,,
858_X_Oceana1&2,,,
859_X_Oceana1&2,,,
860_X_Oceana1&2,,,
861_X_Oceana1&2,,,
862_X_Oceana1&2,,,
863_X_Oceana1&2,,,
864_X_Oceana1&2,,,
865_X_Oceana1&2,,,
866_X_Oceana1&2,,,
867_X_Oceana1&2,,,
871_X_Oceana1&2,2485.0,2520.0,2719.0
874_X_Oceana1&2,,,
880_X_Oceana1&2,,,
882_X_Oceana1&2,,,
883_X_Oceana1&2,,,
886_X_Oceana1&2,,,
887_X_Oceana1&2,,,
888_X_Oceana1&2,,,
889_X_Oceana1&2,,,
891_X_Oceana1&2,,,
905_X_Oceana1&2,,,
913_X_Oceana1&2,,,
914_X_Oceana1&2,,,
915_X_Oceana1&2,,,
916_X_Oceana1&2,,,
917_X_Oceana1&2,,,
918_X_Oceana1&2,,,
919_X_Oceana1&2,,,
920_X_Oceana1&2,,,
921_X_Oceana1&2,,,
922_X_Oceana1&2,,,
923_X_Oceana1&2,,,
924_X_Oceana1&2,,,
925_X_Oceana1&2,,,
926_X_Oceana1&2,,,
927_X_Oceana1&2,,,
928_X_Oceana1&2,,,
929_X_Oceana1&2,,,
930_X_Oceana1&2,,,
931_X_Oceana1&2,,,
932_X_Oceana1&2,,,
933_X_Oceana1&2,,,
934_X_Oceana1&2,,,
935_X_Oceana1&2,,,
936_X_Oceana1&2,,,
937_X_Oceana1&2,,,
938_X_Oceana1&2,,,
939_X_Oceana1&2,,,
940_X_Oceana1&2,,,
941_X_Oceana1&2,,,
943_X_Oceana1&2,,,
944_X_Oceana1&2,,,
945_X_Oceana1&2,,,
946_X_Oceana1&2,,,
947_X_Oceana1&2,,,
948_X_Oceana1&2,,,
949_X_Oceana1&2,,,
953_X_Oceana1&2,,,
957_X_Oceana1&2,,,
962_X_Oceana1&2,266988.0,312753.0,302045.0
965_X_Oceana1&2,,,
993_X_Oceana1&2,,,
1035_X_Oceana1&2,,,
1036_X_Oceana1&2,,,
1037_X_Oceana1&2,,,
1038_X_Oceana1&2,,,
1039_X_Oceana1&2,,,
1040_X_Oceana1&2,,,
1041_X_Oceana1&2,,,
1042_X_Oceana1&2,,,
1043_X_Oceana1&2,,,
1044_X_Oceana1&2,,,
1045_X_Oceana1&2,,,
1046_X_Oceana1&2,,,
1047_X_Oceana1&2,,,
1048_X_Oceana1&2,,,
1049_X_Oceana1&2,,,
1050_X_Oceana1&2,,,
1051_X_Oceana1&2,,,
1052_X_Oceana1&2,,,
1053_X_Oceana1&2,,,
1054_X_Oceana1&2,,,
1055_X_Oceana1&2,,,
1070_X_Oceana1&2,,,
3_X_Picknpay,,,
6_X_Picknpay,,,
7_X_Picknpay,,,
8_X_Picknpay,,,
9_X_Picknpay,,,
10_X_Picknpay,,,
11_X_Picknpay,,,
12_X_Picknpay,,,
13_X_Picknpay,,,
14_X_Picknpay,,,
15_X_Picknpay,,,
16_X_Picknpay,,,
17_X_Picknpay,,,
18_X_Picknpay,,,
20_X_Picknpay,,,
21_X_Picknpay,,,
26_X_Picknpay,,,
27_X_Picknpay,,,
28_X_Picknpay,,,
29_X_Picknpay,,,
31_X_Picknpay,,,
35_X_Picknpay,,,
38_X_Picknpay,,,
41_X_Picknpay,,,
42_X_Picknpay,,,
43_X_Picknpay,,,
44_X_Picknpay,,,
46_X_Picknpay,4500000000.0,4600000000.0,
47_X_Picknpay,,,
48_X_Picknpay,,,
49_X_Picknpay,,,
50_X_Picknpay,,,
51_X_Picknpay,,,
52_X_Picknpay,100.0,88.5,
53_X_Picknpay,,,
54_X_Picknpay,,,
55_X_Picknpay,,,
62_X_Picknpay,,,
63_X_Picknpay,,,
64_X_Picknpay,,,
65_X_Picknpay,,,
66_X_Picknpay,,,
67_X_Picknpay,,,
70_X_Picknpay,,,
74_X_Picknpay,,,
77_X_Picknpay,,,
82_X_Picknpay,,,
83_X_Picknpay,,,
86_X_Picknpay,,,
90_X_Picknpay,,,
93_X_Picknpay,,,
95_X_Picknpay,,,
96_X_Picknpay,,,
97_X_Picknpay,,,
100_X_Picknpay,,,
101_X_Picknpay,,,
103_X_Picknpay,,,
104_X_Picknpay,,,
105_X_Picknpay,,,
109_X_Picknpay,,,
110_X_Picknpay,,,
111_X_Picknpay,,,
112_X_Picknpay,,,
113_X_Picknpay,,,
114_X_Picknpay,,,
115_X_Picknpay,,,
116_X_Picknpay,,,
118_X_Picknpay,,,
119_X_Picknpay,,,
120_X_Picknpay,,,
121_X_Picknpay,,,
122_X_Picknpay,0.0,0.0,
123_X_Picknpay,,,
124_X_Picknpay,,,
125_X_Picknpay,,,
126_X_Picknpay,,,
128_X_Picknpay,123421.0,124858.0,
129_X_Picknpay,766174.0,703438.0,
130_X_Picknpay,482615.0,507967.0,
132_X_Picknpay,,,
133_X_Picknpay,,,
134_X_Picknpay,,,
135_X_Picknpay,,,
136_X_Picknpay,,,
137_X_Picknpay,,,
138_X_Picknpay,,,
141_X_Picknpay,,,
142_X_Picknpay,,,
143_X_Picknpay,,,
144_X_Picknpay,,,
145_X_Picknpay,,,
146_X_Picknpay,,,
148_X_Picknpay,,,
150_X_Picknpay,,,
151_X_Picknpay,2.3,3.07,
153_X_Picknpay,,,
154_X_Picknpay,,,
156_X_Picknpay,102.0,,
157_X_Picknpay,,,
162_X_Picknpay,,,
163_X_Picknpay,,,
164_X_Picknpay,,,
166_X_Picknpay,,,
169_X_Picknpay,,,
170_X_Picknpay,,,
172_X_Picknpay,,,
179_X_Picknpay,,,
183_X_Picknpay,,,
185_X_Picknpay,,,
187_X_Picknpay,,,
188_X_Picknpay,,,
189_X_Picknpay,,,
190_X_Picknpay,,,
191_X_Picknpay,,,
193_X_Picknpay,,,
194_X_Picknpay,,,
195_X_Picknpay,,,
196_X_Picknpay,,,
197_X_Picknpay,,,
198_X_Picknpay,,,
203_X_Picknpay,,,
212_X_Picknpay,,,
213_X_Picknpay,,,
214_X_Picknpay,,,
216_X_Picknpay,0.0,0.0,
219_X_Picknpay,0.0,,
220_X_Picknpay,5.0,4.0,
222_X_Picknpay,,,
226_X_Picknpay,,,
228_X_Picknpay,,,
229_X_Picknpay,,,
232_X_Picknpay,,,
236_X_Picknpay,1157.0,1535.0,
243_X_Picknpay,,,
244_X_Picknpay,1259.0,1535.0,
246_X_Picknpay,,,
252_X_Picknpay,,,
259_X_Picknpay,,,
262_X_Picknpay,,,
265_X_Picknpay,,,
267_X_Picknpay,,,
268_X_Picknpay,,,
269_X_Picknpay,,,
273_X_Picknpay,,,
274_X_Picknpay,,,
275_X_Picknpay,,,
276_X_Picknpay,,,
277_X_Picknpay,,,
278_X_Picknpay,,,
279_X_Picknpay,,,
281_X_Picknpay,,,
282_X_Picknpay,,,
285_X_Picknpay,,,
286_X_Picknpay,,,
287_X_Picknpay,,,
288_X_Picknpay,,,
289_X_Picknpay,,,
290_X_Picknpay,,,
291_X_Picknpay,,,
293_X_Picknpay,,,
294_X_Picknpay,,,
295_X_Picknpay,,,
298_X_Picknpay,33.3,30.8,
300_X_Picknpay,,,
302_X_Picknpay,,,
308_X_Picknpay,,,
311_X_Picknpay,,,
314_X_Picknpay,,,
316_X_Picknpay,,,
317_X_Picknpay,,,
318_X_Picknpay,,,
319_X_Picknpay,,,
321_X_Picknpay,,,
323_X_Picknpay,,,
324_X_Picknpay,,,
325_X_Picknpay,,,
326_X_Picknpay,,,
331_X_Picknpay,,,
332_X_Picknpay,,,
333_X_Picknpay,,,
334_X_Picknpay,,,
338_X_Picknpay,,,
339_X_Picknpay,,,
341_X_Picknpay,,,
343_X_Picknpay,,,
347_X_Picknpay,,,
348_X_Picknpay,,,
349_X_Picknpay,,,
353_X_Picknpay,1.0,0.9,
356_X_Picknpay,,,
364_X_Picknpay,5200000000.0,4800000000.0,
366_X_Picknpay,,,
367_X_Picknpay,,,
368_X_Picknpay,,,
369_X_Picknpay,,,
376_X_Picknpay,,,
379_X_Picknpay,,,
380_X_Picknpay,,,
382_X_Picknpay,,,
385_X_Picknpay,,,
390_X_Picknpay,,,
393_X_Picknpay,,,
394_X_Picknpay,,,
397_X_Picknpay,,,
398_X_Picknpay,41300000.0,34000000.0,
399_X_Picknpay,,,
400_X_Picknpay,,,
404_X_Picknpay,,,
406_X_Picknpay,,,
407_X_Picknpay,,,
414_X_Picknpay,,,
418_X_Picknpay,,,
421_X_Picknpay,,,
430_X_Picknpay,,,
432_X_Picknpay,1500000.0,,
433_X_Picknpay,,,
435_X_Picknpay,,,
439_X_Picknpay,,,
444_X_Picknpay,,,
445_X_Picknpay,,,
448_X_Picknpay,,,
449_X_Picknpay,,,
451_X_Picknpay,,,
452_X_Picknpay,,,
453_X_Picknpay,,,
458_X_Picknpay,,,
460_X_Picknpay,,,
461_X_Picknpay,,,
466_X_Picknpay,,,
467_X_Picknpay,,,
468_X_Picknpay,,,
471_X_Picknpay,27982.8,27813.6,
473_X_Picknpay,,,
474_X_Picknpay,,,
475_X_Picknpay,,,
476_X_Picknpay,,,
477_X_Picknpay,,,
479_X_Picknpay,,,
480_X_Picknpay,,,
482_X_Picknpay,,,
483_X_Picknpay,,,
484_X_Picknpay,,,
488_X_Picknpay,,,
489_X_Picknpay,1006.0,1117.0,
490_X_Picknpay,,,
491_X_Picknpay,,,
498_X_Picknpay,,,
499_X_Picknpay,,,
500_X_Picknpay,,,
502_X_Picknpay,,,
504_X_Picknpay,,,
506_X_Picknpay,54500000000.0,52000000000.0,
508_X_Picknpay,780798.0,860911.0,
511_X_Picknpay,,,
513_X_Picknpay,,,
517_X_Picknpay,,,
523_X_Picknpay,,,
525_X_Picknpay,,,
530_X_Picknpay,4594.0,4830.0,
532_X_Picknpay,,,
533_X_Picknpay,,,
539_X_Picknpay,,,
550_X_Picknpay,,,
554_X_Picknpay,,,
555_X_Picknpay,,,
561_X_Picknpay,,,
564_X_Picknpay,,,
565_X_Picknpay,,,
566_X_Picknpay,,,
572_X_Picknpay,,,
573_X_Picknpay,,,
574_X_Picknpay,,,
575_X_Picknpay,,,
579_X_Picknpay,2.5,,
582_X_Picknpay,,,
585_X_Picknpay,,,
586_X_Picknpay,,,
587_X_Picknpay,14300000.0,,
590_X_Picknpay,,,
592_X_Picknpay,,,
595_X_Picknpay,,,
596_X_Picknpay,,,
597_X_Picknpay,,,
599_X_Picknpay,135000000.0,,
601_X_Picknpay,,,
602_X_Picknpay,,,
605_X_Picknpay,,,
606_X_Picknpay,,,
607_X_Picknpay,,,
608_X_Picknpay,,,
609_X_Picknpay,,,
613_X_Picknpay,,,
615_X_Picknpay,,,
616_X_Picknpay,,,
617_X_Picknpay,,,
619_X_Picknpay,,,
620_X_Picknpay,,,
621_X_Picknpay,,,
622_X_Picknpay,,,
623_X_Picknpay,,,
627_X_Picknpay,,,
628_X_Picknpay,,,
629_X_Picknpay,,,
630_X_Picknpay,,,
631_X_Picknpay,,,
632_X_Picknpay,,,
638_X_Picknpay,,,
639_X_Picknpay,,,
640_X_Picknpay,,,
644_X_Picknpay,,,
650_X_Picknpay,,,
654_X_Picknpay,,,
678_X_Picknpay,,,
679_X_Picknpay,,,
684_X_Picknpay,,,
689_X_Picknpay,,,
698_X_Picknpay,,,
700_X_Picknpay,,,
703_X_Picknpay,,,
704_X_Picknpay,,,
713_X_Picknpay,,,
716_X_Picknpay,,,
732_X_Picknpay,,,
733_X_Picknpay,,,
734_X_Picknpay,,,
735_X_Picknpay,,,
736_X_Picknpay,,,
737_X_Picknpay,,,
738_X_Picknpay,,,
742_X_Picknpay,,,
749_X_Picknpay,,,
750_X_Picknpay,15.0,13.0,
751_X_Picknpay,,,
753_X_Picknpay,,,
757_X_Picknpay,,,
758_X_Picknpay,,,
759_X_Picknpay,,,
760_X_Picknpay,,,
761_X_Picknpay,,,
762_X_Picknpay,,,
763_X_Picknpay,,,
764_X_Picknpay,,,
765_X_Picknpay,,,
766_X_Picknpay,,,
767_X_Picknpay,,,
768_X_Picknpay,,,
771_X_Picknpay,,,
772_X_Picknpay,,,
773_X_Picknpay,,,
774_X_Picknpay,,,
775_X_Picknpay,,,
776_X_Picknpay,,,
777_X_Picknpay,,,
778_X_Picknpay,,,
779_X_Picknpay,,,
781_X_Picknpay,,,
782_X_Picknpay,,,
783_X_Picknpay,,,
784_X_Picknpay,,,
785_X_Picknpay,,,
786_X_Picknpay,,,
788_X_Picknpay,,,
789_X_Picknpay,,,
790_X_Picknpay,,,
791_X_Picknpay,,,
792_X_Picknpay,,,
794_X_Picknpay,5.0,6.0,
795_X_Picknpay,7.0,5.0,
796_X_Picknpay,10.0,7.0,
797_X_Picknpay,,,
798_X_Picknpay,,,
799_X_Picknpay,11.3,12.7,
800_X_Picknpay,,,
802_X_Picknpay,,,
803_X_Picknpay,,,
804_X_Picknpay,,,
805_X_Picknpay,,,
806_X_Picknpay,,,
807_X_Picknpay,,,
808_X_Picknpay,,,
809_X_Picknpay,,,
810_X_Picknpay,,,
813_X_Picknpay,,,
814_X_Picknpay,,,
815_X_Picknpay,,,
816_X_Picknpay,,,
817_X_Picknpay,,,
818_X_Picknpay,,,
819_X_Picknpay,,,
820_X_Picknpay,,,
821_X_Picknpay,,,
822_X_Picknpay,,,
823_X_Picknpay,,,
824_X_Picknpay,,,
825_X_Picknpay,,,
826_X_Picknpay,,,
827_X_Picknpay,,,
828_X_Picknpay,,,
829_X_Picknpay,,,
830_X_Picknpay,,,
831_X_Picknpay,,,
832_X_Picknpay,,,
833_X_Picknpay,,,
834_X_Picknpay,,,
835_X_Picknpay,,,
836_X_Picknpay,,,
837_X_Picknpay,,,
838_X_Picknpay,,,
839_X_Picknpay,,,
840_X_Picknpay,,,
841_X_Picknpay,,,
842_X_Picknpay,,,
843_X_Picknpay,,,
844_X_Picknpay,,,
845_X_Picknpay,,,
846_X_Picknpay,,,
847_X_Picknpay,,,
848_X_Picknpay,,,
849_X_Picknpay,,,
850_X_Picknpay,,,
851_X_Picknpay,,,
852_X_Picknpay,,,
853_X_Picknpay,,,
854_X_Picknpay,,,
855_X_Picknpay,,,
856_X_Picknpay,,,
857_X_Picknpay,,,
858_X_Picknpay,,,
859_X_Picknpay,,,
860_X_Picknpay,,,
861_X_Picknpay,,,
862_X_Picknpay,,,
863_X_Picknpay,,,
864_X_Picknpay,,,
865_X_Picknpay,,,
866_X_Picknpay,,,
867_X_Picknpay,,,
871_X_Picknpay,,,
874_X_Picknpay,,,
880_X_Picknpay,,,
882_X_Picknpay,,,
883_X_Picknpay,,,
886_X_Picknpay,,,
887_X_Picknpay,,,
888_X_Picknpay,,,
889_X_Picknpay,,,
891_X_Picknpay,,,
905_X_Picknpay,,,
913_X_Picknpay,,,
914_X_Picknpay,,,
915_X_Picknpay,,,
916_X_Picknpay,,,
917_X_Picknpay,,,
918_X_Picknpay,,,
919_X_Picknpay,,,
920_X_Picknpay,,,
921_X_Picknpay,,,
922_X_Picknpay,,,
923_X_Picknpay,,,
924_X_Picknpay,,,
925_X_Picknpay,,,
926_X_Picknpay,,,
927_X_Picknpay,,,
928_X_Picknpay,,,
929_X_Picknpay,,,
930_X_Picknpay,,,
931_X_Picknpay,,,
932_X_Picknpay,,,
933_X_Picknpay,,,
934_X_Picknpay,,,
935_X_Picknpay,,,
936_X_Picknpay,,,
937_X_Picknpay,,,
938_X_Picknpay,,,
939_X_Picknpay,,,
940_X_Picknpay,1991.0,1925.0,
941_X_Picknpay,,,
943_X_Picknpay,,,
944_X_Picknpay,,,
945_X_Picknpay,,,
946_X_Picknpay,,,
947_X_Picknpay,,,
948_X_Picknpay,,,
949_X_Picknpay,,,
953_X_Picknpay,0.0,0.0,
957_X_Picknpay,69505.0,,
962_X_Picknpay,,,
965_X_Picknpay,13.6,13.3,
993_X_Picknpay,7.75,8.6,
1035_X_Picknpay,,,
1036_X_Picknpay,,,
1037_X_Picknpay,,,
1038_X_Picknpay,,,
1039_X_Picknpay,,,
1040_X_Picknpay,,,
1041_X_Picknpay,66.7,53.8,
1042_X_Picknpay,70.0,71.4,
1043_X_Picknpay,,,
1044_X_Picknpay,,,
1045_X_Picknpay,,,
1046_X_Picknpay,,,
1047_X_Picknpay,,,
1048_X_Picknpay,,,
1049_X_Picknpay,,,
1050_X_Picknpay,,,
1051_X_Picknpay,,,
1052_X_Picknpay,,,
1053_X_Picknpay,,,
1054_X_Picknpay,,,
1055_X_Picknpay,,,
1070_X_Picknpay,,,
3_X_Sasol,,,
6_X_Sasol,,,
7_X_Sasol,122300.0,141500.0,
8_X_Sasol,181100.0,186500.0,
9_X_Sasol,8100.0,10200.0,
10_X_Sasol,27800.0,38300.0,
11_X_Sasol,,,
12_X_Sasol,,,
13_X_Sasol,,,
14_X_Sasol,,,
15_X_Sasol,,,
16_X_Sasol,,,
17_X_Sasol,,,
18_X_Sasol,,,
20_X_Sasol,,,
21_X_Sasol,,,
26_X_Sasol,,,
27_X_Sasol,,,
28_X_Sasol,,,
29_X_Sasol,,,
31_X_Sasol,5525.0,5699.0,
35_X_Sasol,,,
38_X_Sasol,,,
41_X_Sasol,,,
42_X_Sasol,,,
43_X_Sasol,,,
44_X_Sasol,,,
46_X_Sasol,,,
47_X_Sasol,,,
48_X_Sasol,,,
49_X_Sasol,4.0,3.0,
50_X_Sasol,,,
51_X_Sasol,,,
52_X_Sasol,,,
53_X_Sasol,,,
54_X_Sasol,,,
55_X_Sasol,,,
62_X_Sasol,,,
63_X_Sasol,,,
64_X_Sasol,,,
65_X_Sasol,,,
66_X_Sasol,,,
67_X_Sasol,,,
70_X_Sasol,,,
74_X_Sasol,,,
77_X_Sasol,,,
82_X_Sasol,,,
83_X_Sasol,,,
86_X_Sasol,,,
90_X_Sasol,,,
93_X_Sasol,,,
95_X_Sasol,,,
96_X_Sasol,,,
97_X_Sasol,,,
100_X_Sasol,,,
101_X_Sasol,,,
103_X_Sasol,,,
104_X_Sasol,,,
105_X_Sasol,,,
109_X_Sasol,33000000.0,32007000000.0,
110_X_Sasol,,,
111_X_Sasol,,,
112_X_Sasol,,,
113_X_Sasol,,,
114_X_Sasol,,,
115_X_Sasol,,,
116_X_Sasol,,,
118_X_Sasol,,,
119_X_Sasol,,,
120_X_Sasol,,,
121_X_Sasol,,,
122_X_Sasol,,,
123_X_Sasol,,,
124_X_Sasol,,,
125_X_Sasol,,,
126_X_Sasol,,,
128_X_Sasol,57903.0,56762.0,
129_X_Sasol,5099000.0,4753000.0,
130_X_Sasol,,,
132_X_Sasol,,,
133_X_Sasol,,,
134_X_Sasol,,,
135_X_Sasol,302000.0,314000.0,
136_X_Sasol,,,
137_X_Sasol,,,
138_X_Sasol,,,
141_X_Sasol,,,
142_X_Sasol,,,
143_X_Sasol,,,
144_X_Sasol,,,
145_X_Sasol,,,
146_X_Sasol,,,
148_X_Sasol,,,
150_X_Sasol,,,
151_X_Sasol,0.14,0.11,
153_X_Sasol,,,
154_X_Sasol,,,
156_X_Sasol,,,
157_X_Sasol,,,
162_X_Sasol,,,
163_X_Sasol,1879500.0,1852300.0,
164_X_Sasol,,,
166_X_Sasol,,,
169_X_Sasol,147000.0,168000.0,
170_X_Sasol,,,
172_X_Sasol,,,
179_X_Sasol,,,
183_X_Sasol,,,
185_X_Sasol,,,
187_X_Sasol,,,
188_X_Sasol,,,
189_X_Sasol,,,
190_X_Sasol,,,
191_X_Sasol,,,
193_X_Sasol,,,
194_X_Sasol,,,
195_X_Sasol,,,
196_X_Sasol,,,
197_X_Sasol,,,
198_X_Sasol,,,
203_X_Sasol,,,
212_X_Sasol,,,
213_X_Sasol,,,
214_X_Sasol,,,
216_X_Sasol,,,
219_X_Sasol,2.0,6.0,
220_X_Sasol,,,
222_X_Sasol,,,
226_X_Sasol,,,
228_X_Sasol,,,
229_X_Sasol,,,
232_X_Sasol,,,
236_X_Sasol,,,
243_X_Sasol,,,
244_X_Sasol,,,
246_X_Sasol,6162.0,7097.0,
252_X_Sasol,,,
259_X_Sasol,,,
262_X_Sasol,,,
265_X_Sasol,,,
267_X_Sasol,,,
268_X_Sasol,,,
269_X_Sasol,,,
273_X_Sasol,,,
274_X_Sasol,0.0,0.0,
275_X_Sasol,,,
276_X_Sasol,,,
277_X_Sasol,,,
278_X_Sasol,,,
279_X_Sasol,,,
281_X_Sasol,,,
282_X_Sasol,,,
285_X_Sasol,,,
286_X_Sasol,,,
287_X_Sasol,,,
288_X_Sasol,,,
289_X_Sasol,,,
290_X_Sasol,,,
291_X_Sasol,,,
293_X_Sasol,,,
294_X_Sasol,,,
295_X_Sasol,,,
298_X_Sasol,,,
300_X_Sasol,,,
302_X_Sasol,,,
308_X_Sasol,,,
311_X_Sasol,,,
314_X_Sasol,,,
316_X_Sasol,,,
317_X_Sasol,,,
318_X_Sasol,,,
319_X_Sasol,,,
321_X_Sasol,,,
323_X_Sasol,8.0,5.9,
324_X_Sasol,,,
325_X_Sasol,,,
326_X_Sasol,,,
331_X_Sasol,,,
332_X_Sasol,,,
333_X_Sasol,,,
334_X_Sasol,,,
338_X_Sasol,,,
339_X_Sasol,,,
341_X_Sasol,,,
343_X_Sasol,,,
347_X_Sasol,,,
348_X_Sasol,,,
349_X_Sasol,,,
353_X_Sasol,,,
356_X_Sasol,,,
364_X_Sasol,15800000000.0,,
366_X_Sasol,,,
367_X_Sasol,,,
368_X_Sasol,,,
369_X_Sasol,,,
376_X_Sasol,,,
379_X_Sasol,0.26,0.27,
380_X_Sasol,,,
382_X_Sasol,,,
385_X_Sasol,201910000000.0,190367000000.0,
390_X_Sasol,,,
393_X_Sasol,,,
394_X_Sasol,,,
397_X_Sasol,,,
398_X_Sasol,440100000.0,,
399_X_Sasol,144000000.0,,
400_X_Sasol,,,
404_X_Sasol,,,
406_X_Sasol,,,
407_X_Sasol,,,
414_X_Sasol,,,
418_X_Sasol,,,
421_X_Sasol,,,
430_X_Sasol,,,
432_X_Sasol,13200000.0,,
433_X_Sasol,,,
435_X_Sasol,,,
439_X_Sasol,,,
444_X_Sasol,9509000000.0,930000000.0,
445_X_Sasol,,,
448_X_Sasol,,,
449_X_Sasol,,,
451_X_Sasol,,,
452_X_Sasol,,,
453_X_Sasol,,,
458_X_Sasol,,,
460_X_Sasol,,,
461_X_Sasol,,,
466_X_Sasol,1182000000.0,1170000000.0,
467_X_Sasol,,,
468_X_Sasol,345012000.0,345701000.0,
471_X_Sasol,,,
473_X_Sasol,,,
474_X_Sasol,,,
475_X_Sasol,,,
476_X_Sasol,,,
477_X_Sasol,18100000.0,,
479_X_Sasol,,,
480_X_Sasol,,,
482_X_Sasol,,,
483_X_Sasol,,,
484_X_Sasol,,,
488_X_Sasol,,,
489_X_Sasol,116.658,115.458,
490_X_Sasol,,,
491_X_Sasol,,,
498_X_Sasol,,,
499_X_Sasol,,,
500_X_Sasol,,,
502_X_Sasol,,,
504_X_Sasol,,,
506_X_Sasol,23800000000.0,,
508_X_Sasol,,,
511_X_Sasol,729.0,918.0,
513_X_Sasol,6.0,16.0,
517_X_Sasol,224.0,,
523_X_Sasol,28725.0,,
525_X_Sasol,,,
530_X_Sasol,,,
532_X_Sasol,,,
533_X_Sasol,130940000.0,162600000.0,
539_X_Sasol,,,
550_X_Sasol,22.0,35.0,
554_X_Sasol,,,
555_X_Sasol,,,
561_X_Sasol,,,
564_X_Sasol,,,
565_X_Sasol,,,
566_X_Sasol,,,
572_X_Sasol,,,
573_X_Sasol,,,
574_X_Sasol,11.458,10.777,
575_X_Sasol,43200000000.0,49400000000.0,
579_X_Sasol,,,
582_X_Sasol,,,
585_X_Sasol,,,
586_X_Sasol,,,
587_X_Sasol,,,
590_X_Sasol,,,
592_X_Sasol,,,
595_X_Sasol,,,
596_X_Sasol,,,
597_X_Sasol,,,
599_X_Sasol,,,
601_X_Sasol,,,
602_X_Sasol,,,
605_X_Sasol,,,
606_X_Sasol,,,
607_X_Sasol,,,
608_X_Sasol,,,
609_X_Sasol,46700000.0,59600000.0,
613_X_Sasol,,,
615_X_Sasol,,,
616_X_Sasol,,,
617_X_Sasol,,,
619_X_Sasol,,,
620_X_Sasol,,,
621_X_Sasol,,,
622_X_Sasol,,,
623_X_Sasol,,,
627_X_Sasol,,,
628_X_Sasol,,,
629_X_Sasol,,,
630_X_Sasol,,,
631_X_Sasol,,,
632_X_Sasol,,,
638_X_Sasol,,,
639_X_Sasol,,,
640_X_Sasol,,,
644_X_Sasol,,,
650_X_Sasol,,,
654_X_Sasol,,,
678_X_Sasol,,,
679_X_Sasol,,,
684_X_Sasol,,,
689_X_Sasol,,,
698_X_Sasol,,,
700_X_Sasol,,,
703_X_Sasol,,,
704_X_Sasol,,,
713_X_Sasol,,,
716_X_Sasol,,,
732_X_Sasol,,,
733_X_Sasol,448000.0,482000.0,
734_X_Sasol,99000.0,59000.0,
735_X_Sasol,102.107,103.354,
736_X_Sasol,,,
737_X_Sasol,,,
738_X_Sasol,,,
742_X_Sasol,,,
749_X_Sasol,,,
750_X_Sasol,,,
751_X_Sasol,,,
753_X_Sasol,,,
757_X_Sasol,,,
758_X_Sasol,,,
759_X_Sasol,,,
760_X_Sasol,,,
761_X_Sasol,,,
762_X_Sasol,,,
763_X_Sasol,29073.0,28743.0,
764_X_Sasol,,,
765_X_Sasol,,,
766_X_Sasol,,,
767_X_Sasol,,,
768_X_Sasol,,,
771_X_Sasol,,,
772_X_Sasol,,,
773_X_Sasol,,,
774_X_Sasol,,,
775_X_Sasol,,,
776_X_Sasol,,,
777_X_Sasol,,,
778_X_Sasol,,,
779_X_Sasol,,,
781_X_Sasol,,,
782_X_Sasol,,,
783_X_Sasol,,,
784_X_Sasol,,,
785_X_Sasol,,,
786_X_Sasol,,,
788_X_Sasol,,,
789_X_Sasol,,,
790_X_Sasol,,,
791_X_Sasol,,,
792_X_Sasol,,,
794_X_Sasol,,,
795_X_Sasol,,,
796_X_Sasol,,,
797_X_Sasol,,,
798_X_Sasol,,,
799_X_Sasol,,,
800_X_Sasol,,,
802_X_Sasol,,,
803_X_Sasol,,,
804_X_Sasol,,,
805_X_Sasol,,,
806_X_Sasol,,,
807_X_Sasol,,,
808_X_Sasol,,,
809_X_Sasol,,,
810_X_Sasol,,,
813_X_Sasol,,,
814_X_Sasol,,,
815_X_Sasol,,,
816_X_Sasol,,,
817_X_Sasol,,,
818_X_Sasol,,,
819_X_Sasol,,,
820_X_Sasol,,,
821_X_Sasol,,,
822_X_Sasol,,,
823_X_Sasol,,,
824_X_Sasol,,,
825_X_Sasol,,,
826_X_Sasol,,,
827_X_Sasol,,,
828_X_Sasol,,,
829_X_Sasol,,,
830_X_Sasol,,,
831_X_Sasol,,,
832_X_Sasol,,,
833_X_Sasol,,,
834_X_Sasol,,,
835_X_Sasol,,,
836_X_Sasol,,,
837_X_Sasol,,,
838_X_Sasol,,,
839_X_Sasol,,,
840_X_Sasol,,,
841_X_Sasol,,,
842_X_Sasol,,,
843_X_Sasol,,,
844_X_Sasol,,,
845_X_Sasol,,,
846_X_Sasol,,,
847_X_Sasol,,,
848_X_Sasol,,,
849_X_Sasol,,,
850_X_Sasol,,,
851_X_Sasol,,,
852_X_Sasol,,,
853_X_Sasol,,,
854_X_Sasol,,,
855_X_Sasol,,,
856_X_Sasol,,,
857_X_Sasol,,,
858_X_Sasol,,,
859_X_Sasol,,,
860_X_Sasol,,,
861_X_Sasol,,,
862_X_Sasol,,,
863_X_Sasol,,,
864_X_Sasol,,,
865_X_Sasol,,,
866_X_Sasol,,,
867_X_Sasol,,,
871_X_Sasol,,,
874_X_Sasol,,,
880_X_Sasol,,,
882_X_Sasol,3.65,3.84,
883_X_Sasol,,,
886_X_Sasol,105.195,104.679,
887_X_Sasol,,,
888_X_Sasol,,,
889_X_Sasol,,,
891_X_Sasol,,,
905_X_Sasol,,,
913_X_Sasol,,,
914_X_Sasol,,,
915_X_Sasol,,,
916_X_Sasol,,,
917_X_Sasol,,,
918_X_Sasol,,,
919_X_Sasol,,,
920_X_Sasol,,,
921_X_Sasol,,,
922_X_Sasol,,,
923_X_Sasol,,,
924_X_Sasol,,,
925_X_Sasol,,,
926_X_Sasol,,,
927_X_Sasol,,,
928_X_Sasol,,,
929_X_Sasol,,,
930_X_Sasol,,,
931_X_Sasol,,,
932_X_Sasol,,,
933_X_Sasol,,,
934_X_Sasol,,,
935_X_Sasol,,,
936_X_Sasol,,,
937_X_Sasol,,,
938_X_Sasol,,,
939_X_Sasol,,,
940_X_Sasol,,,
941_X_Sasol,,,
943_X_Sasol,,,
944_X_Sasol,,,
945_X_Sasol,,,
946_X_Sasol,,,
947_X_Sasol,,,
948_X_Sasol,,,
949_X_Sasol,,,
953_X_Sasol,,,
957_X_Sasol,,,
962_X_Sasol,63002000.0,61517000.0,
965_X_Sasol,,,
993_X_Sasol,,,
1035_X_Sasol,,,
1036_X_Sasol,,,
1037_X_Sasol,,,
1038_X_Sasol,,,
1039_X_Sasol,,,
1040_X_Sasol,,,
1041_X_Sasol,,,
1042_X_Sasol,,,
1043_X_Sasol,,,
1044_X_Sasol,,,
1045_X_Sasol,,,
1046_X_Sasol,,,
1047_X_Sasol,,,
1048_X_Sasol,,,
1049_X_Sasol,,,
1050_X_Sasol,,,
1051_X_Sasol,,,
1052_X_Sasol,,,
1053_X_Sasol,,,
1054_X_Sasol,,,
1055_X_Sasol,,,
1070_X_Sasol,,,
3_X_Ssw,,,
6_X_Ssw,,,
7_X_Ssw,1401.0,1202.0,1693.0
8_X_Ssw,1743.0,2310.0,1889.0
9_X_Ssw,,,
10_X_Ssw,,,
11_X_Ssw,,,
12_X_Ssw,,,
13_X_Ssw,,,
14_X_Ssw,,,
15_X_Ssw,,,
16_X_Ssw,,,
17_X_Ssw,,,
18_X_Ssw,,,
20_X_Ssw,,,
21_X_Ssw,,,
26_X_Ssw,,,
27_X_Ssw,63891.0,,
28_X_Ssw,,,
29_X_Ssw,,,
31_X_Ssw,,,
35_X_Ssw,,,
38_X_Ssw,,,
41_X_Ssw,,,
42_X_Ssw,,,
43_X_Ssw,,,
44_X_Ssw,,,
46_X_Ssw,,,
47_X_Ssw,,,
48_X_Ssw,,,
49_X_Ssw,,,
50_X_Ssw,,,
51_X_Ssw,,,
52_X_Ssw,,,
53_X_Ssw,,,
54_X_Ssw,,,
55_X_Ssw,,,
62_X_Ssw,,,
63_X_Ssw,,,
64_X_Ssw,109306000000.0,83369000000.0,63314000000.0
65_X_Ssw,,,
66_X_Ssw,,,
67_X_Ssw,,,
70_X_Ssw,,,
74_X_Ssw,,,
77_X_Ssw,,,
82_X_Ssw,,,
83_X_Ssw,,,
86_X_Ssw,,,
90_X_Ssw,,,
93_X_Ssw,,,
95_X_Ssw,,,
96_X_Ssw,,,
97_X_Ssw,,,
100_X_Ssw,,,
101_X_Ssw,,,
103_X_Ssw,,,
104_X_Ssw,,,
105_X_Ssw,,,
109_X_Ssw,22523000000.0,19860000000.0,18019000000.0
110_X_Ssw,,,
111_X_Ssw,,,
112_X_Ssw,,,
113_X_Ssw,,,
114_X_Ssw,,,
115_X_Ssw,,,
116_X_Ssw,,,
118_X_Ssw,,,
119_X_Ssw,,,
120_X_Ssw,,,
121_X_Ssw,,,
122_X_Ssw,,,
123_X_Ssw,,,
124_X_Ssw,2496000000.0,3152000000.0,3303000000.0
125_X_Ssw,,,
126_X_Ssw,7.1,6.69,
128_X_Ssw,,,
129_X_Ssw,,,
130_X_Ssw,1383000.0,1121000.0,1386000.0
132_X_Ssw,,,
133_X_Ssw,0.185,0.14500000000000002,0.185
134_X_Ssw,,,
135_X_Ssw,,,
136_X_Ssw,,,
137_X_Ssw,,,
138_X_Ssw,,,
141_X_Ssw,,,
142_X_Ssw,,,
143_X_Ssw,,,
144_X_Ssw,,,
145_X_Ssw,,,
146_X_Ssw,,,
148_X_Ssw,,,
150_X_Ssw,,,
151_X_Ssw,5.965,5.51,5.195
153_X_Ssw,,,
154_X_Ssw,,,
156_X_Ssw,,,
157_X_Ssw,1.02,2.74,2.6
162_X_Ssw,,,
163_X_Ssw,,,
164_X_Ssw,,,
166_X_Ssw,,,
169_X_Ssw,,,
170_X_Ssw,,,
172_X_Ssw,,,
179_X_Ssw,,,
183_X_Ssw,,,
185_X_Ssw,,,
187_X_Ssw,,,
188_X_Ssw,,,
189_X_Ssw,,,
190_X_Ssw,,,
191_X_Ssw,,,
193_X_Ssw,,,
194_X_Ssw,,,
195_X_Ssw,,,
196_X_Ssw,,,
197_X_Ssw,,,
198_X_Ssw,,,
203_X_Ssw,,,
212_X_Ssw,,,
213_X_Ssw,,,
214_X_Ssw,,,
216_X_Ssw,4.0,4.0,5.0
219_X_Ssw,19.0,9.0,6.0
220_X_Ssw,,,
222_X_Ssw,,,
226_X_Ssw,15160.0,15163.0,10744.0
228_X_Ssw,,,
229_X_Ssw,,,
232_X_Ssw,,,
236_X_Ssw,,,
243_X_Ssw,,,
244_X_Ssw,,840.0,876.0
246_X_Ssw,,,
252_X_Ssw,,,
259_X_Ssw,,,
262_X_Ssw,,,
265_X_Ssw,,,
267_X_Ssw,3018000000.0,2727000000.0,2310000000.0
268_X_Ssw,764000000.0,1658000000.0,484000000.0
269_X_Ssw,,,
273_X_Ssw,,,
274_X_Ssw,,,
275_X_Ssw,,,
276_X_Ssw,,,
277_X_Ssw,,,
278_X_Ssw,,,
279_X_Ssw,,,
281_X_Ssw,,,
282_X_Ssw,,,
285_X_Ssw,37.8,,38.5
286_X_Ssw,54.400000000000006,51.5,52.349999999999994
287_X_Ssw,38.55,41.0,45.55
288_X_Ssw,40.5,41.0,42.5
289_X_Ssw,,,
290_X_Ssw,,,
291_X_Ssw,,,
293_X_Ssw,,,
294_X_Ssw,,,
295_X_Ssw,,,
298_X_Ssw,30.0,25.0,18.0
300_X_Ssw,,,
302_X_Ssw,,,
308_X_Ssw,,,
311_X_Ssw,70.0,71.0,73.0
314_X_Ssw,,,
316_X_Ssw,,,
317_X_Ssw,,,
318_X_Ssw,,,
319_X_Ssw,,,
321_X_Ssw,,,
323_X_Ssw,,,
324_X_Ssw,,,
325_X_Ssw,,,
326_X_Ssw,,,
331_X_Ssw,,,
332_X_Ssw,,,
333_X_Ssw,,,
334_X_Ssw,,,
338_X_Ssw,,,
339_X_Ssw,,,
341_X_Ssw,,,
343_X_Ssw,,,
347_X_Ssw,,,
348_X_Ssw,,,
349_X_Ssw,13.5,12.0,12.5
353_X_Ssw,,,
356_X_Ssw,,,
364_X_Ssw,,,
366_X_Ssw,,,
367_X_Ssw,,,
368_X_Ssw,,,
369_X_Ssw,,,
376_X_Ssw,,,
379_X_Ssw,6.984999999999999,6.555,
380_X_Ssw,,,
382_X_Ssw,107000000.0,436000000.0,1252000000.0
385_X_Ssw,172194000000.0,127392000000.0,72925000000.0
390_X_Ssw,,,
393_X_Ssw,,,
394_X_Ssw,383000000.0,512000000.0,363000000.0
397_X_Ssw,,,
398_X_Ssw,,1780000000.0,1600000000.0
399_X_Ssw,,,
400_X_Ssw,,,
404_X_Ssw,,,
406_X_Ssw,,,
407_X_Ssw,,,
414_X_Ssw,2714000000.0,1765000000.0,431000000.0
418_X_Ssw,5.12,,
421_X_Ssw,0.16,0.17,0.16
430_X_Ssw,,,
432_X_Ssw,,,
433_X_Ssw,,,
435_X_Ssw,,,
439_X_Ssw,,,
444_X_Ssw,14728000000.0,6118000000.0,1798000000.0
445_X_Ssw,,,
448_X_Ssw,152994000000.0,134103000000.0,101072000000.0
449_X_Ssw,,,
451_X_Ssw,,,
452_X_Ssw,,,
453_X_Ssw,,,
458_X_Ssw,,,
460_X_Ssw,2979.0,2244.0,2509.0
461_X_Ssw,,,
466_X_Ssw,969000000.0,,
467_X_Ssw,,,
468_X_Ssw,,,
471_X_Ssw,,,
473_X_Ssw,,,
474_X_Ssw,,,
475_X_Ssw,,,
476_X_Ssw,,,
477_X_Ssw,,,
479_X_Ssw,,,
480_X_Ssw,,,
482_X_Ssw,,,
483_X_Ssw,,,
484_X_Ssw,55000000.0,52000000.0,50000000.0
488_X_Ssw,121300.0,121800.0,120300.0
489_X_Ssw,47450.0,48900.0,49000.0
490_X_Ssw,,,
491_X_Ssw,,,
498_X_Ssw,,,
499_X_Ssw,,,
500_X_Ssw,,,
502_X_Ssw,11140000000.0,10760000000.0,10900000000.0
504_X_Ssw,,,
506_X_Ssw,16442000000.0,12655000000.0,14592000000.0
508_X_Ssw,6220000.0,5810000.0,5630000.0
511_X_Ssw,,479.0,314.0
513_X_Ssw,30.0,39.0,68.0
517_X_Ssw,,,
523_X_Ssw,77146.0,77328.0,
525_X_Ssw,,,
530_X_Ssw,,,
532_X_Ssw,,,
533_X_Ssw,,,
539_X_Ssw,,,
550_X_Ssw,294.0,231.0,355.0
554_X_Ssw,,,
555_X_Ssw,,,
561_X_Ssw,,,
564_X_Ssw,93.0,139.0,131.0
565_X_Ssw,,,
566_X_Ssw,,,
572_X_Ssw,,,
573_X_Ssw,,,
574_X_Ssw,,,
575_X_Ssw,,,
579_X_Ssw,,,
582_X_Ssw,,,
585_X_Ssw,2085000000.0,1734450000.0,1584000000.0
586_X_Ssw,,,
587_X_Ssw,,,
590_X_Ssw,,,
592_X_Ssw,,,
595_X_Ssw,,,
596_X_Ssw,,,
597_X_Ssw,,,
599_X_Ssw,,,
601_X_Ssw,,,
602_X_Ssw,10200000000.0,10000000000.0,10310000000.0
605_X_Ssw,,,
606_X_Ssw,,,
607_X_Ssw,346500000.0,195000000.0,152000000.0
608_X_Ssw,,,
609_X_Ssw,,,
613_X_Ssw,,,
615_X_Ssw,,,
616_X_Ssw,,,
617_X_Ssw,,,
619_X_Ssw,,,
620_X_Ssw,,,
621_X_Ssw,,,
622_X_Ssw,,,
623_X_Ssw,,,
627_X_Ssw,,,
628_X_Ssw,,,
629_X_Ssw,,,
630_X_Ssw,,,
631_X_Ssw,,,
632_X_Ssw,,,
638_X_Ssw,,,
639_X_Ssw,,,
640_X_Ssw,,,
644_X_Ssw,,,
650_X_Ssw,,,
654_X_Ssw,,,
678_X_Ssw,,,
679_X_Ssw,,,
684_X_Ssw,,,
689_X_Ssw,,,
698_X_Ssw,,,
700_X_Ssw,,,
703_X_Ssw,,,
704_X_Ssw,,,
713_X_Ssw,,,
716_X_Ssw,,,
732_X_Ssw,,,
733_X_Ssw,,,
734_X_Ssw,,,
735_X_Ssw,,,
736_X_Ssw,,,
737_X_Ssw,,,
738_X_Ssw,1.1800000000000002,1.34,1.355
742_X_Ssw,,,
749_X_Ssw,7043000.0,6436000.0,7162000.0
750_X_Ssw,,,
751_X_Ssw,,,
753_X_Ssw,,,
757_X_Ssw,,,
758_X_Ssw,,,
759_X_Ssw,,,
760_X_Ssw,,,
761_X_Ssw,,,
762_X_Ssw,,,
763_X_Ssw,,,
764_X_Ssw,,,
765_X_Ssw,,,
766_X_Ssw,,,
767_X_Ssw,,,
768_X_Ssw,,,
771_X_Ssw,,,
772_X_Ssw,,,
773_X_Ssw,,,
774_X_Ssw,,,
775_X_Ssw,,,
776_X_Ssw,,,
777_X_Ssw,,,
778_X_Ssw,,,
779_X_Ssw,,,
781_X_Ssw,,,
782_X_Ssw,,,
783_X_Ssw,,,
784_X_Ssw,,,
785_X_Ssw,,,
786_X_Ssw,,,
788_X_Ssw,,,
789_X_Ssw,,,
790_X_Ssw,,,
791_X_Ssw,,,
792_X_Ssw,,,
794_X_Ssw,,,
795_X_Ssw,,,
796_X_Ssw,,,
797_X_Ssw,,,
798_X_Ssw,,,
799_X_Ssw,,,
800_X_Ssw,,,
802_X_Ssw,,,
803_X_Ssw,,,
804_X_Ssw,,,
805_X_Ssw,,,
806_X_Ssw,,,
807_X_Ssw,,,
808_X_Ssw,,,
809_X_Ssw,,,
810_X_Ssw,,,
813_X_Ssw,,,
814_X_Ssw,,,
815_X_Ssw,,,
816_X_Ssw,,,
817_X_Ssw,,,
818_X_Ssw,,,
819_X_Ssw,,,
820_X_Ssw,,,
821_X_Ssw,,,
822_X_Ssw,,,
823_X_Ssw,,,
824_X_Ssw,,,
825_X_Ssw,,,
826_X_Ssw,,,
827_X_Ssw,,,
828_X_Ssw,,,
829_X_Ssw,,,
830_X_Ssw,,,
831_X_Ssw,,,
832_X_Ssw,,,
833_X_Ssw,,,
834_X_Ssw,,,
835_X_Ssw,,,
836_X_Ssw,,,
837_X_Ssw,,,
838_X_Ssw,,,
839_X_Ssw,,,
840_X_Ssw,,,
841_X_Ssw,,,
842_X_Ssw,,,
843_X_Ssw,,,
844_X_Ssw,,,
845_X_Ssw,,,
846_X_Ssw,,,
847_X_Ssw,,,
848_X_Ssw,,,
849_X_Ssw,,,
850_X_Ssw,,,
851_X_Ssw,,,
852_X_Ssw,,,
853_X_Ssw,,,
854_X_Ssw,,,
855_X_Ssw,,,
856_X_Ssw,,,
857_X_Ssw,,,
858_X_Ssw,,,
859_X_Ssw,,,
860_X_Ssw,,,
861_X_Ssw,,,
862_X_Ssw,,,
863_X_Ssw,,,
864_X_Ssw,,,
865_X_Ssw,,,
866_X_Ssw,,,
867_X_Ssw,,,
871_X_Ssw,,,
874_X_Ssw,,,
880_X_Ssw,,,
882_X_Ssw,,,
883_X_Ssw,,,
886_X_Ssw,,,
887_X_Ssw,,,
888_X_Ssw,,,
889_X_Ssw,,,
891_X_Ssw,,,
905_X_Ssw,,,
913_X_Ssw,,,
914_X_Ssw,,,
915_X_Ssw,,,
916_X_Ssw,,,
917_X_Ssw,,,
918_X_Ssw,,,
919_X_Ssw,,,
920_X_Ssw,,,
921_X_Ssw,,,
922_X_Ssw,,,
923_X_Ssw,,,
924_X_Ssw,,,
925_X_Ssw,,,
926_X_Ssw,,,
927_X_Ssw,,,
928_X_Ssw,,,
929_X_Ssw,,,
930_X_Ssw,,,
931_X_Ssw,,,
932_X_Ssw,,,
933_X_Ssw,,,
934_X_Ssw,,,
935_X_Ssw,,,
936_X_Ssw,,,
937_X_Ssw,,,
938_X_Ssw,,,
939_X_Ssw,,,
940_X_Ssw,,,
941_X_Ssw,,,
943_X_Ssw,,,
944_X_Ssw,,,
945_X_Ssw,,,
946_X_Ssw,,,
947_X_Ssw,,,
948_X_Ssw,,,
949_X_Ssw,,,
953_X_Ssw,,,
957_X_Ssw,4000000.0,,
962_X_Ssw,,,
965_X_Ssw,,,
993_X_Ssw,,,
1035_X_Ssw,,,
1036_X_Ssw,,,
1037_X_Ssw,,,
1038_X_Ssw,,,
1039_X_Ssw,,,
1040_X_Ssw,,,
1041_X_Ssw,,,
1042_X_Ssw,,,
1043_X_Ssw,,,
1044_X_Ssw,,,
1045_X_Ssw,,,
1046_X_Ssw,,,
1047_X_Ssw,,,
1048_X_Ssw,,,
1049_X_Ssw,,,
1050_X_Ssw,,,
1051_X_Ssw,,,
1052_X_Ssw,,,
1053_X_Ssw,,,
1054_X_Ssw,,,
1055_X_Ssw,,,
1070_X_Ssw,,,
3_X_Tongaat,,,
6_X_Tongaat,,,
7_X_Tongaat,,,
8_X_Tongaat,,,
9_X_Tongaat,,,
10_X_Tongaat,,,
11_X_Tongaat,,,
12_X_Tongaat,1.331,1.636,2.039
13_X_Tongaat,,,
14_X_Tongaat,,,
15_X_Tongaat,,,
16_X_Tongaat,,,
17_X_Tongaat,,,
18_X_Tongaat,,,
20_X_Tongaat,,,
21_X_Tongaat,,,
26_X_Tongaat,,,
27_X_Tongaat,,,
28_X_Tongaat,60204.0,63512.0,78442.0
29_X_Tongaat,,,
31_X_Tongaat,,,
35_X_Tongaat,,,
38_X_Tongaat,,,
41_X_Tongaat,,,
42_X_Tongaat,,,
43_X_Tongaat,,,
44_X_Tongaat,,,
46_X_Tongaat,,,
47_X_Tongaat,,,
48_X_Tongaat,,,
49_X_Tongaat,4.0,4.0,4.0
50_X_Tongaat,,,
51_X_Tongaat,,,
52_X_Tongaat,99.0,97.9,94.93
53_X_Tongaat,,,
54_X_Tongaat,,,
55_X_Tongaat,,,
62_X_Tongaat,,,
63_X_Tongaat,,,
64_X_Tongaat,,,
65_X_Tongaat,,,
66_X_Tongaat,,,
67_X_Tongaat,,,
70_X_Tongaat,,,
74_X_Tongaat,,,
77_X_Tongaat,,,
82_X_Tongaat,,,
83_X_Tongaat,,,
86_X_Tongaat,,,
90_X_Tongaat,,,
93_X_Tongaat,,,
95_X_Tongaat,,,
96_X_Tongaat,,,
97_X_Tongaat,,,
100_X_Tongaat,,,
101_X_Tongaat,,,
103_X_Tongaat,,,
104_X_Tongaat,,,
105_X_Tongaat,,,
109_X_Tongaat,,,
110_X_Tongaat,,,
111_X_Tongaat,,,
112_X_Tongaat,,,
113_X_Tongaat,,,
114_X_Tongaat,16.63,16.18,14.95
115_X_Tongaat,,,
116_X_Tongaat,,,
118_X_Tongaat,,,
119_X_Tongaat,,,
120_X_Tongaat,,,
121_X_Tongaat,,,
122_X_Tongaat,0.005,0.003,0.01
123_X_Tongaat,,,
124_X_Tongaat,,,
125_X_Tongaat,,,
126_X_Tongaat,,,
128_X_Tongaat,505575.0,704989.0,695914.0
129_X_Tongaat,51539.0,400249.0,257988.0
130_X_Tongaat,,,
132_X_Tongaat,,,
133_X_Tongaat,,,
134_X_Tongaat,,,
135_X_Tongaat,,,
136_X_Tongaat,,,
137_X_Tongaat,,,
138_X_Tongaat,184.0,240.0,299.0
141_X_Tongaat,,,
142_X_Tongaat,,,
143_X_Tongaat,,,
144_X_Tongaat,,,
145_X_Tongaat,,,
146_X_Tongaat,,,
148_X_Tongaat,,,
150_X_Tongaat,,,
151_X_Tongaat,0.093,0.107,0.087
153_X_Tongaat,,,
154_X_Tongaat,,,
156_X_Tongaat,,,
157_X_Tongaat,,,
162_X_Tongaat,,,
163_X_Tongaat,,361.595,484.474
164_X_Tongaat,,,
166_X_Tongaat,,,
169_X_Tongaat,,,
170_X_Tongaat,6717.0,9606.0,9371.0
172_X_Tongaat,,,
179_X_Tongaat,,,
183_X_Tongaat,,,
185_X_Tongaat,,,
187_X_Tongaat,,,
188_X_Tongaat,,,
189_X_Tongaat,,,
190_X_Tongaat,,,
191_X_Tongaat,,,
193_X_Tongaat,,,
194_X_Tongaat,,,
195_X_Tongaat,,,
196_X_Tongaat,,,
197_X_Tongaat,,,
198_X_Tongaat,,,
203_X_Tongaat,,,
212_X_Tongaat,,,
213_X_Tongaat,41.0,65.0,63.0
214_X_Tongaat,,,
216_X_Tongaat,0.0,0.0,0.0
219_X_Tongaat,1.0,1.0,5.0
220_X_Tongaat,2.0,1.0,2.0
222_X_Tongaat,,,
226_X_Tongaat,2707.0,2738.0,3868.0
228_X_Tongaat,,,
229_X_Tongaat,,,
232_X_Tongaat,,,
236_X_Tongaat,36.0,42.0,42.0
243_X_Tongaat,,,
244_X_Tongaat,403.0,448.0,591.0
246_X_Tongaat,,,
252_X_Tongaat,,,
259_X_Tongaat,,,
262_X_Tongaat,,,
265_X_Tongaat,,,
267_X_Tongaat,,,
268_X_Tongaat,,,
269_X_Tongaat,,,
273_X_Tongaat,,,
274_X_Tongaat,,,
275_X_Tongaat,,,
276_X_Tongaat,,,
277_X_Tongaat,,,
278_X_Tongaat,,,
279_X_Tongaat,,,
281_X_Tongaat,,,
282_X_Tongaat,,,
285_X_Tongaat,,,
286_X_Tongaat,,,
287_X_Tongaat,,,
288_X_Tongaat,,,
289_X_Tongaat,95.3,92.8,
290_X_Tongaat,,,
291_X_Tongaat,,,
293_X_Tongaat,,,
294_X_Tongaat,,,
295_X_Tongaat,80.0,77.3,87.0
298_X_Tongaat,20.0,10.0,20.0
300_X_Tongaat,,,
302_X_Tongaat,,,
308_X_Tongaat,,,
311_X_Tongaat,,,
314_X_Tongaat,,,
316_X_Tongaat,,,
317_X_Tongaat,,,
318_X_Tongaat,,,
319_X_Tongaat,,,
321_X_Tongaat,,,
323_X_Tongaat,,,
324_X_Tongaat,,,
325_X_Tongaat,,,
326_X_Tongaat,,,
331_X_Tongaat,,,
332_X_Tongaat,,,
333_X_Tongaat,,,
334_X_Tongaat,,,
338_X_Tongaat,97.7,97.6,97.4
339_X_Tongaat,,,
341_X_Tongaat,,,
343_X_Tongaat,,,
347_X_Tongaat,,,
348_X_Tongaat,,,
349_X_Tongaat,25.9,26.6,28.7
353_X_Tongaat,79.41,68.73,53.17
356_X_Tongaat,,,
364_X_Tongaat,,,
366_X_Tongaat,,,
367_X_Tongaat,,,
368_X_Tongaat,,,
369_X_Tongaat,,,
376_X_Tongaat,,,
379_X_Tongaat,1.037,1.136,1.226
380_X_Tongaat,,,
382_X_Tongaat,,,
385_X_Tongaat,,,
390_X_Tongaat,,,
393_X_Tongaat,,,
394_X_Tongaat,,,
397_X_Tongaat,,,
398_X_Tongaat,122433239.0,87945856.0,197816242.0
399_X_Tongaat,,,
400_X_Tongaat,,,
404_X_Tongaat,,,
406_X_Tongaat,,,
407_X_Tongaat,,,
414_X_Tongaat,,,
418_X_Tongaat,,,
421_X_Tongaat,,,
430_X_Tongaat,,,
432_X_Tongaat,33097440.0,21448893.0,10511215.0
433_X_Tongaat,,,
435_X_Tongaat,,,
439_X_Tongaat,,,
444_X_Tongaat,,,
445_X_Tongaat,,,
448_X_Tongaat,,,
449_X_Tongaat,,,
451_X_Tongaat,,,
452_X_Tongaat,,,
453_X_Tongaat,,,
458_X_Tongaat,,,
460_X_Tongaat,,,
461_X_Tongaat,,,
466_X_Tongaat,23822054.0,34770862.0,59687346.0
467_X_Tongaat,,,
468_X_Tongaat,27113030.0,26364406.0,17507239.0
471_X_Tongaat,,,
473_X_Tongaat,,,
474_X_Tongaat,,,
475_X_Tongaat,,,
476_X_Tongaat,,,
477_X_Tongaat,35721923.0,,
479_X_Tongaat,,,
480_X_Tongaat,,,
482_X_Tongaat,,,
483_X_Tongaat,,,
484_X_Tongaat,,,
488_X_Tongaat,586251099.0,722125105.0,561635137.0
489_X_Tongaat,834868.84,1071493.648,886008.09
490_X_Tongaat,,,
491_X_Tongaat,,,
498_X_Tongaat,,,
499_X_Tongaat,,,
500_X_Tongaat,66986.0,153588.0,456627.0
502_X_Tongaat,,,
504_X_Tongaat,,,
506_X_Tongaat,,,
508_X_Tongaat,606407.0,853420.0,911976.0
511_X_Tongaat,,,
513_X_Tongaat,,,
517_X_Tongaat,4408.0,3662.0,3532.0
523_X_Tongaat,32949.0,34246.0,42826.0
525_X_Tongaat,,,
530_X_Tongaat,,,
532_X_Tongaat,,,
533_X_Tongaat,77701632.0,78847926.0,96429147.0
539_X_Tongaat,,,
550_X_Tongaat,,8.0,1.0
554_X_Tongaat,,,
555_X_Tongaat,2.0,14.0,14.0
561_X_Tongaat,,,
564_X_Tongaat,,,
565_X_Tongaat,,,
566_X_Tongaat,,,
572_X_Tongaat,,,
573_X_Tongaat,72721647.0,76403051.0,64282228.0
574_X_Tongaat,,,
575_X_Tongaat,,,
579_X_Tongaat,,,
582_X_Tongaat,,,
585_X_Tongaat,,,
586_X_Tongaat,,,
587_X_Tongaat,99893760.0,51438278.0,84569835.0
590_X_Tongaat,,,
592_X_Tongaat,,,
595_X_Tongaat,,7646996.0,
596_X_Tongaat,,,
597_X_Tongaat,,,
599_X_Tongaat,,,
601_X_Tongaat,,,
602_X_Tongaat,,,
605_X_Tongaat,,,
606_X_Tongaat,,,
607_X_Tongaat,5258537.0,,
608_X_Tongaat,,,
609_X_Tongaat,,,
613_X_Tongaat,,,
615_X_Tongaat,,,
616_X_Tongaat,,,
617_X_Tongaat,,,
619_X_Tongaat,,,
620_X_Tongaat,,,
621_X_Tongaat,,,
622_X_Tongaat,84210673.0,,
623_X_Tongaat,,,
627_X_Tongaat,18140418.0,13468441.0,10511215.0
628_X_Tongaat,,,
629_X_Tongaat,,,
630_X_Tongaat,867883.0,1216965.0,1406831.0
631_X_Tongaat,,,
632_X_Tongaat,,,
638_X_Tongaat,,,
639_X_Tongaat,14957022.0,333456.0,
640_X_Tongaat,,,
644_X_Tongaat,,,
650_X_Tongaat,,,
654_X_Tongaat,,,
678_X_Tongaat,,,
679_X_Tongaat,,,
684_X_Tongaat,,,
689_X_Tongaat,,,
698_X_Tongaat,,,
700_X_Tongaat,,,
703_X_Tongaat,,,
704_X_Tongaat,,,
713_X_Tongaat,,,
716_X_Tongaat,,,
732_X_Tongaat,20.4,50.6,6.5
733_X_Tongaat,,,
734_X_Tongaat,297050.0,397829.0,356712.0
735_X_Tongaat,,,
736_X_Tongaat,,,
737_X_Tongaat,,,
738_X_Tongaat,,,
742_X_Tongaat,,,
749_X_Tongaat,557114.0,1105238.0,953901.0
750_X_Tongaat,10.0,10.0,10.0
751_X_Tongaat,,,
753_X_Tongaat,,,
757_X_Tongaat,,,
758_X_Tongaat,,,
759_X_Tongaat,,,
760_X_Tongaat,,,
761_X_Tongaat,,,
762_X_Tongaat,,,
763_X_Tongaat,,,
764_X_Tongaat,,,
765_X_Tongaat,,,
766_X_Tongaat,,,
767_X_Tongaat,,,
768_X_Tongaat,,,
771_X_Tongaat,,,
772_X_Tongaat,,,
773_X_Tongaat,,,
774_X_Tongaat,,,
775_X_Tongaat,,,
776_X_Tongaat,,,
777_X_Tongaat,,,
778_X_Tongaat,,,
779_X_Tongaat,,,
781_X_Tongaat,,,
782_X_Tongaat,,,
783_X_Tongaat,,,
784_X_Tongaat,,,
785_X_Tongaat,,,
786_X_Tongaat,,,
788_X_Tongaat,,,
789_X_Tongaat,,,
790_X_Tongaat,,,
791_X_Tongaat,,,
792_X_Tongaat,,,
794_X_Tongaat,3.0,3.0,3.0
795_X_Tongaat,7.0,7.0,7.0
796_X_Tongaat,7.0,7.0,7.0
797_X_Tongaat,,,
798_X_Tongaat,,,
799_X_Tongaat,1.5,0.6,3.17
800_X_Tongaat,,,
802_X_Tongaat,,,
803_X_Tongaat,,,
804_X_Tongaat,,,
805_X_Tongaat,,,
806_X_Tongaat,,,
807_X_Tongaat,,,
808_X_Tongaat,,,
809_X_Tongaat,,,
810_X_Tongaat,,,
813_X_Tongaat,,,
814_X_Tongaat,,,
815_X_Tongaat,,,
816_X_Tongaat,,,
817_X_Tongaat,,,
818_X_Tongaat,,,
819_X_Tongaat,,,
820_X_Tongaat,,,
821_X_Tongaat,,,
822_X_Tongaat,,,
823_X_Tongaat,,,
824_X_Tongaat,,,
825_X_Tongaat,,,
826_X_Tongaat,,,
827_X_Tongaat,,,
828_X_Tongaat,,,
829_X_Tongaat,,,
830_X_Tongaat,,,
831_X_Tongaat,,,
832_X_Tongaat,,,
833_X_Tongaat,,,
834_X_Tongaat,,,
835_X_Tongaat,,,
836_X_Tongaat,,,
837_X_Tongaat,,,
838_X_Tongaat,,,
839_X_Tongaat,,,
840_X_Tongaat,,,
841_X_Tongaat,,,
842_X_Tongaat,,,
843_X_Tongaat,,,
844_X_Tongaat,,,
845_X_Tongaat,,,
846_X_Tongaat,,,
847_X_Tongaat,,,
848_X_Tongaat,,,
849_X_Tongaat,,,
850_X_Tongaat,,,
851_X_Tongaat,,,
852_X_Tongaat,,,
853_X_Tongaat,,,
854_X_Tongaat,,,
855_X_Tongaat,,,
856_X_Tongaat,,,
857_X_Tongaat,,,
858_X_Tongaat,,,
859_X_Tongaat,,,
860_X_Tongaat,,,
861_X_Tongaat,,,
862_X_Tongaat,,,
863_X_Tongaat,,,
864_X_Tongaat,,,
865_X_Tongaat,,,
866_X_Tongaat,,,
867_X_Tongaat,,,
871_X_Tongaat,8760.0,9331.0,19585.0
874_X_Tongaat,6769128.0,6210711.0,22641793.0
880_X_Tongaat,,,
882_X_Tongaat,,,
883_X_Tongaat,,,
886_X_Tongaat,,,
887_X_Tongaat,,,
888_X_Tongaat,,,
889_X_Tongaat,,,
891_X_Tongaat,,,
905_X_Tongaat,,,
913_X_Tongaat,,,
914_X_Tongaat,,,
915_X_Tongaat,,,
916_X_Tongaat,,,
917_X_Tongaat,,,
918_X_Tongaat,,,
919_X_Tongaat,,,
920_X_Tongaat,,,
921_X_Tongaat,,,
922_X_Tongaat,,,
923_X_Tongaat,,,
924_X_Tongaat,,,
925_X_Tongaat,,,
926_X_Tongaat,,,
927_X_Tongaat,,,
928_X_Tongaat,,,
929_X_Tongaat,,,
930_X_Tongaat,,,
931_X_Tongaat,,,
932_X_Tongaat,,,
933_X_Tongaat,,,
934_X_Tongaat,,,
935_X_Tongaat,,,
936_X_Tongaat,,,
937_X_Tongaat,,,
938_X_Tongaat,,,
939_X_Tongaat,,,
940_X_Tongaat,,,
941_X_Tongaat,,,
943_X_Tongaat,,,
944_X_Tongaat,,,
945_X_Tongaat,,,
946_X_Tongaat,,,
947_X_Tongaat,,,
948_X_Tongaat,,,
949_X_Tongaat,,,
953_X_Tongaat,,,
957_X_Tongaat,,,
962_X_Tongaat,,,
965_X_Tongaat,,,
993_X_Tongaat,,,
1035_X_Tongaat,,,
1036_X_Tongaat,,,
1037_X_Tongaat,,,
1038_X_Tongaat,,,
1039_X_Tongaat,,,
1040_X_Tongaat,,,
1041_X_Tongaat,70.0,70.0,70.0
1042_X_Tongaat,70.0,70.0,70.0
1043_X_Tongaat,,,
1044_X_Tongaat,,,
1045_X_Tongaat,,,
1046_X_Tongaat,,,
1047_X_Tongaat,,,
1048_X_Tongaat,,,
1049_X_Tongaat,,,
1050_X_Tongaat,,,
1051_X_Tongaat,,,
1052_X_Tongaat,,,
1053_X_Tongaat,,,
1054_X_Tongaat,,,
1055_X_Tongaat,,,
1070_X_Tongaat,3.0,1.0,0.0
3_X_Uct1&2,,,
6_X_Uct1&2,,,
7_X_Uct1&2,,,
8_X_Uct1&2,,,
9_X_Uct1&2,,,
10_X_Uct1&2,,,
11_X_Uct1&2,,,
12_X_Uct1&2,,,
13_X_Uct1&2,,,
14_X_Uct1&2,,,
15_X_Uct1&2,,,
16_X_Uct1&2,,,
17_X_Uct1&2,,,
18_X_Uct1&2,,,
20_X_Uct1&2,,,
21_X_Uct1&2,,,
26_X_Uct1&2,,,
27_X_Uct1&2,,,
28_X_Uct1&2,,,
29_X_Uct1&2,,,
31_X_Uct1&2,,,
35_X_Uct1&2,,,
38_X_Uct1&2,,,
41_X_Uct1&2,,,
42_X_Uct1&2,,,
43_X_Uct1&2,,,
44_X_Uct1&2,,,
46_X_Uct1&2,,,
47_X_Uct1&2,,,
48_X_Uct1&2,,,
49_X_Uct1&2,,,
50_X_Uct1&2,,,
51_X_Uct1&2,,,
52_X_Uct1&2,,,
53_X_Uct1&2,,,
54_X_Uct1&2,,,
55_X_Uct1&2,,,
62_X_Uct1&2,,,
63_X_Uct1&2,,,
64_X_Uct1&2,,,
65_X_Uct1&2,,,
66_X_Uct1&2,,,
67_X_Uct1&2,329028000.0,338076000.0,
70_X_Uct1&2,,,
74_X_Uct1&2,,,
77_X_Uct1&2,,,
82_X_Uct1&2,,,
83_X_Uct1&2,,,
86_X_Uct1&2,,,
90_X_Uct1&2,,,
93_X_Uct1&2,,,
95_X_Uct1&2,,,
96_X_Uct1&2,,,
97_X_Uct1&2,,,
100_X_Uct1&2,,,
101_X_Uct1&2,,,
103_X_Uct1&2,,,
104_X_Uct1&2,,,
105_X_Uct1&2,,,
109_X_Uct1&2,4029001000.0,3811371000.0,
110_X_Uct1&2,,,
111_X_Uct1&2,,,
112_X_Uct1&2,,,
113_X_Uct1&2,,,
114_X_Uct1&2,,,
115_X_Uct1&2,,,
116_X_Uct1&2,,,
118_X_Uct1&2,,,
119_X_Uct1&2,,,
120_X_Uct1&2,,,
121_X_Uct1&2,,,
122_X_Uct1&2,,,
123_X_Uct1&2,,,
124_X_Uct1&2,39359000.0,42190000.0,
125_X_Uct1&2,,,
126_X_Uct1&2,,,
128_X_Uct1&2,2340.0,1705.0,
129_X_Uct1&2,58166.0,49902.0,69706.0
130_X_Uct1&2,39696.0,20729.0,30533.0
132_X_Uct1&2,,,
133_X_Uct1&2,,,
134_X_Uct1&2,,,
135_X_Uct1&2,,,
136_X_Uct1&2,,,
137_X_Uct1&2,,,
138_X_Uct1&2,,,
141_X_Uct1&2,,,
142_X_Uct1&2,,,
143_X_Uct1&2,,,
144_X_Uct1&2,,,
145_X_Uct1&2,,,
146_X_Uct1&2,,,
148_X_Uct1&2,,,
150_X_Uct1&2,,,
151_X_Uct1&2,,,
153_X_Uct1&2,,,
154_X_Uct1&2,,,
156_X_Uct1&2,,,
157_X_Uct1&2,,,
162_X_Uct1&2,,,
163_X_Uct1&2,,,
164_X_Uct1&2,,,
166_X_Uct1&2,,,
169_X_Uct1&2,,,
170_X_Uct1&2,,,
172_X_Uct1&2,,,
179_X_Uct1&2,,,
183_X_Uct1&2,,,
185_X_Uct1&2,,,
187_X_Uct1&2,,,
188_X_Uct1&2,,,
189_X_Uct1&2,,,
190_X_Uct1&2,,,
191_X_Uct1&2,,,
193_X_Uct1&2,,,
194_X_Uct1&2,,,
195_X_Uct1&2,,,
196_X_Uct1&2,,,
197_X_Uct1&2,,,
198_X_Uct1&2,,,
203_X_Uct1&2,,,
212_X_Uct1&2,,,
213_X_Uct1&2,,,
214_X_Uct1&2,,,
216_X_Uct1&2,,,
219_X_Uct1&2,,,
220_X_Uct1&2,,,
222_X_Uct1&2,,,
226_X_Uct1&2,,,
228_X_Uct1&2,,,
229_X_Uct1&2,,,
232_X_Uct1&2,,,
236_X_Uct1&2,,,
243_X_Uct1&2,,,
244_X_Uct1&2,,,
246_X_Uct1&2,,,
252_X_Uct1&2,,,
259_X_Uct1&2,,,
262_X_Uct1&2,,,
265_X_Uct1&2,,,
267_X_Uct1&2,,,
268_X_Uct1&2,1922763000.0,1547647000.0,
269_X_Uct1&2,,,
273_X_Uct1&2,,,
274_X_Uct1&2,,,
275_X_Uct1&2,,,
276_X_Uct1&2,,,
277_X_Uct1&2,,,
278_X_Uct1&2,,,
279_X_Uct1&2,,,
281_X_Uct1&2,,,
282_X_Uct1&2,,,
285_X_Uct1&2,,,
286_X_Uct1&2,,,
287_X_Uct1&2,,,
288_X_Uct1&2,,,
289_X_Uct1&2,,,
290_X_Uct1&2,,,
291_X_Uct1&2,,,
293_X_Uct1&2,,,
294_X_Uct1&2,,,
295_X_Uct1&2,,,
298_X_Uct1&2,,,
300_X_Uct1&2,,,
302_X_Uct1&2,,,
308_X_Uct1&2,,,
311_X_Uct1&2,,,
314_X_Uct1&2,,,
316_X_Uct1&2,,,
317_X_Uct1&2,,,
318_X_Uct1&2,,,
319_X_Uct1&2,,,
321_X_Uct1&2,,,
323_X_Uct1&2,,,
324_X_Uct1&2,,,
325_X_Uct1&2,,,
326_X_Uct1&2,,,
331_X_Uct1&2,,,
332_X_Uct1&2,,,
333_X_Uct1&2,,,
334_X_Uct1&2,,,
338_X_Uct1&2,,,
339_X_Uct1&2,,,
341_X_Uct1&2,,,
343_X_Uct1&2,,,
347_X_Uct1&2,,,
348_X_Uct1&2,,,
349_X_Uct1&2,,,
353_X_Uct1&2,,,
356_X_Uct1&2,,,
364_X_Uct1&2,,,
366_X_Uct1&2,,,
367_X_Uct1&2,,,
368_X_Uct1&2,,,
369_X_Uct1&2,,,
376_X_Uct1&2,,,
379_X_Uct1&2,,,
380_X_Uct1&2,,,
382_X_Uct1&2,,,
385_X_Uct1&2,7053925000.0,6560286000.0,
390_X_Uct1&2,,,
393_X_Uct1&2,,,
394_X_Uct1&2,,,
397_X_Uct1&2,,,
398_X_Uct1&2,,,
399_X_Uct1&2,,,
400_X_Uct1&2,,,
404_X_Uct1&2,,,
406_X_Uct1&2,,,
407_X_Uct1&2,,,
414_X_Uct1&2,,,
418_X_Uct1&2,,,
421_X_Uct1&2,,,
430_X_Uct1&2,,,
432_X_Uct1&2,,,
433_X_Uct1&2,,,
435_X_Uct1&2,,,
439_X_Uct1&2,,,
444_X_Uct1&2,,,
445_X_Uct1&2,,,
448_X_Uct1&2,15634720000.0,14300877000.0,
449_X_Uct1&2,,,
451_X_Uct1&2,,,
452_X_Uct1&2,,,
453_X_Uct1&2,,,
458_X_Uct1&2,,,
460_X_Uct1&2,,,
461_X_Uct1&2,,,
466_X_Uct1&2,,,
467_X_Uct1&2,,,
468_X_Uct1&2,,,
471_X_Uct1&2,,,
473_X_Uct1&2,,,
474_X_Uct1&2,,,
475_X_Uct1&2,,,
476_X_Uct1&2,,,
477_X_Uct1&2,,,
479_X_Uct1&2,,,
480_X_Uct1&2,,,
482_X_Uct1&2,,,
483_X_Uct1&2,,,
484_X_Uct1&2,,,
488_X_Uct1&2,,,
489_X_Uct1&2,,,
490_X_Uct1&2,,,
491_X_Uct1&2,,,
498_X_Uct1&2,,,
499_X_Uct1&2,,,
500_X_Uct1&2,,,
502_X_Uct1&2,,,
504_X_Uct1&2,,,
506_X_Uct1&2,,,
508_X_Uct1&2,,,
511_X_Uct1&2,,,
513_X_Uct1&2,,,
517_X_Uct1&2,,,
523_X_Uct1&2,6265.0,6308.0,
525_X_Uct1&2,,,
530_X_Uct1&2,,,
532_X_Uct1&2,,,
533_X_Uct1&2,,,
539_X_Uct1&2,,,
550_X_Uct1&2,,,
554_X_Uct1&2,,,
555_X_Uct1&2,,,
561_X_Uct1&2,,,
564_X_Uct1&2,,,
565_X_Uct1&2,,,
566_X_Uct1&2,,,
572_X_Uct1&2,,,
573_X_Uct1&2,,,
574_X_Uct1&2,,,
575_X_Uct1&2,,,
579_X_Uct1&2,,,
582_X_Uct1&2,,,
585_X_Uct1&2,,,
586_X_Uct1&2,,,
587_X_Uct1&2,,,
590_X_Uct1&2,,,
592_X_Uct1&2,,,
595_X_Uct1&2,,,
596_X_Uct1&2,,,
597_X_Uct1&2,,,
599_X_Uct1&2,,,
601_X_Uct1&2,,,
602_X_Uct1&2,,,
605_X_Uct1&2,,,
606_X_Uct1&2,,,
607_X_Uct1&2,,,
608_X_Uct1&2,,,
609_X_Uct1&2,,,
613_X_Uct1&2,,,
615_X_Uct1&2,,,
616_X_Uct1&2,,,
617_X_Uct1&2,,,
619_X_Uct1&2,,,
620_X_Uct1&2,,,
621_X_Uct1&2,,,
622_X_Uct1&2,,,
623_X_Uct1&2,,,
627_X_Uct1&2,,,
628_X_Uct1&2,,,
629_X_Uct1&2,,,
630_X_Uct1&2,,,
631_X_Uct1&2,,,
632_X_Uct1&2,,,
638_X_Uct1&2,,,
639_X_Uct1&2,,,
640_X_Uct1&2,,,
644_X_Uct1&2,,,
650_X_Uct1&2,,,
654_X_Uct1&2,,,
678_X_Uct1&2,,,
679_X_Uct1&2,,,
684_X_Uct1&2,,,
689_X_Uct1&2,,,
698_X_Uct1&2,,,
700_X_Uct1&2,,,
703_X_Uct1&2,,,
704_X_Uct1&2,,,
713_X_Uct1&2,,,
716_X_Uct1&2,,,
732_X_Uct1&2,,,
733_X_Uct1&2,,,
734_X_Uct1&2,,,
735_X_Uct1&2,,,
736_X_Uct1&2,,,
737_X_Uct1&2,,,
738_X_Uct1&2,,,
742_X_Uct1&2,,,
749_X_Uct1&2,60506.0,51607.0,
750_X_Uct1&2,,,
751_X_Uct1&2,,,
753_X_Uct1&2,,,
757_X_Uct1&2,,,
758_X_Uct1&2,,,
759_X_Uct1&2,,,
760_X_Uct1&2,,,
761_X_Uct1&2,,,
762_X_Uct1&2,,,
763_X_Uct1&2,,,
764_X_Uct1&2,,,
765_X_Uct1&2,,,
766_X_Uct1&2,,,
767_X_Uct1&2,,,
768_X_Uct1&2,,,
771_X_Uct1&2,,,
772_X_Uct1&2,,,
773_X_Uct1&2,,,
774_X_Uct1&2,,,
775_X_Uct1&2,,,
776_X_Uct1&2,,,
777_X_Uct1&2,,,
778_X_Uct1&2,,,
779_X_Uct1&2,,,
781_X_Uct1&2,,,
782_X_Uct1&2,,,
783_X_Uct1&2,,,
784_X_Uct1&2,,,
785_X_Uct1&2,,,
786_X_Uct1&2,,,
788_X_Uct1&2,,,
789_X_Uct1&2,,,
790_X_Uct1&2,,,
791_X_Uct1&2,,,
792_X_Uct1&2,,,
794_X_Uct1&2,,,
795_X_Uct1&2,,,
796_X_Uct1&2,,,
797_X_Uct1&2,,,
798_X_Uct1&2,,,
799_X_Uct1&2,,,
800_X_Uct1&2,,,
802_X_Uct1&2,,,
803_X_Uct1&2,,,
804_X_Uct1&2,,,
805_X_Uct1&2,,,
806_X_Uct1&2,,,
807_X_Uct1&2,,,
808_X_Uct1&2,,,
809_X_Uct1&2,,,
810_X_Uct1&2,,,
813_X_Uct1&2,,,
814_X_Uct1&2,,,
815_X_Uct1&2,,,
816_X_Uct1&2,,,
817_X_Uct1&2,,,
818_X_Uct1&2,,,
819_X_Uct1&2,,,
820_X_Uct1&2,,,
821_X_Uct1&2,,,
822_X_Uct1&2,,,
823_X_Uct1&2,,,
824_X_Uct1&2,,,
825_X_Uct1&2,,,
826_X_Uct1&2,,,
827_X_Uct1&2,,,
828_X_Uct1&2,,,
829_X_Uct1&2,,,
830_X_Uct1&2,,,
831_X_Uct1&2,,,
832_X_Uct1&2,,,
833_X_Uct1&2,,,
834_X_Uct1&2,,,
835_X_Uct1&2,,,
836_X_Uct1&2,,,
837_X_Uct1&2,,,
838_X_Uct1&2,,,
839_X_Uct1&2,,,
840_X_Uct1&2,,,
841_X_Uct1&2,,,
842_X_Uct1&2,,,
843_X_Uct1&2,,,
844_X_Uct1&2,,,
845_X_Uct1&2,,,
846_X_Uct1&2,,,
847_X_Uct1&2,,,
848_X_Uct1&2,,,
849_X_Uct1&2,,,
850_X_Uct1&2,,,
851_X_Uct1&2,,,
852_X_Uct1&2,,,
853_X_Uct1&2,,,
854_X_Uct1&2,,,
855_X_Uct1&2,,,
856_X_Uct1&2,,,
857_X_Uct1&2,,,
858_X_Uct1&2,,,
859_X_Uct1&2,,,
860_X_Uct1&2,,,
861_X_Uct1&2,,,
862_X_Uct1&2,,,
863_X_Uct1&2,,,
864_X_Uct1&2,,,
865_X_Uct1&2,,,
866_X_Uct1&2,,,
867_X_Uct1&2,,,
871_X_Uct1&2,,,
874_X_Uct1&2,,,
880_X_Uct1&2,,,
882_X_Uct1&2,1.71,1.49,
883_X_Uct1&2,,,
886_X_Uct1&2,,,
887_X_Uct1&2,,,
888_X_Uct1&2,,,
889_X_Uct1&2,,,
891_X_Uct1&2,,,
905_X_Uct1&2,,,
913_X_Uct1&2,,,
914_X_Uct1&2,,,
915_X_Uct1&2,,,
916_X_Uct1&2,,,
917_X_Uct1&2,,,
918_X_Uct1&2,,,
919_X_Uct1&2,,,
920_X_Uct1&2,,,
921_X_Uct1&2,,,
922_X_Uct1&2,,,
923_X_Uct1&2,,,
924_X_Uct1&2,,,
925_X_Uct1&2,,,
926_X_Uct1&2,,,
927_X_Uct1&2,,,
928_X_Uct1&2,,,
929_X_Uct1&2,,,
930_X_Uct1&2,,,
931_X_Uct1&2,,,
932_X_Uct1&2,,,
933_X_Uct1&2,,,
934_X_Uct1&2,,,
935_X_Uct1&2,,,
936_X_Uct1&2,,,
937_X_Uct1&2,,,
938_X_Uct1&2,,,
939_X_Uct1&2,,,
940_X_Uct1&2,,,
941_X_Uct1&2,,,
943_X_Uct1&2,,,
944_X_Uct1&2,,,
945_X_Uct1&2,,,
946_X_Uct1&2,,,
947_X_Uct1&2,,,
948_X_Uct1&2,,,
949_X_Uct1&2,,,
953_X_Uct1&2,,,
957_X_Uct1&2,,,
962_X_Uct1&2,90625.0,72496.0,
965_X_Uct1&2,,,
993_X_Uct1&2,,,
1035_X_Uct1&2,,,
1036_X_Uct1&2,,,
1037_X_Uct1&2,,,
1038_X_Uct1&2,,,
1039_X_Uct1&2,,,
1040_X_Uct1&2,,,
1041_X_Uct1&2,,,
1042_X_Uct1&2,,,
1043_X_Uct1&2,,,
1044_X_Uct1&2,,,
1045_X_Uct1&2,,,
1046_X_Uct1&2,,,
1047_X_Uct1&2,,,
1048_X_Uct1&2,,,
1049_X_Uct1&2,,,
1050_X_Uct1&2,,,
1051_X_Uct1&2,,,
1052_X_Uct1&2,,,
1053_X_Uct1&2,,,
1054_X_Uct1&2,,,
1055_X_Uct1&2,,,
1070_X_Uct1&2,,,
